barcode,dim1,dim2
AAACCCAAGGAGAGTA-1,16.594893339647868,20.534188714009854
AAACGCTTCAGCCCAG-1,-25.406515561796173,7.827627531969677
AAAGAACAGACGACTG-1,-11.942962313074762,-18.419665414921784
AAAGAACCAATGGCAG-1,-13.460228932135301,-18.84601924696093
AAAGAACGTCTGCAAT-1,4.737087117718447,-22.636510850980603
AAAGGATAGTAGACAT-1,-18.345301368064426,11.766076010724074
AAAGGATCACCGGCTA-1,-20.203089502711695,6.9757450873372235
AAAGGATTCAGCTTGA-1,7.292181361358307,23.542043711254422
AAAGGATTCCGTTTCG-1,9.62329785508562,22.557801466652194
AAAGGGCTCATGCCCT-1,19.24486550452995,-12.932296511397547
AAAGGGCTCCGTAGGC-1,-13.57286635959002,-12.6910661051221
AAAGGTACAACTGCTA-1,0.14755285992187064,28.012589657786126
AAAGTCCAGCGGGTTA-1,21.397393600069638,-17.688957632176624
AAAGTCCAGTCAACAA-1,-1.80453000517981,-4.142978609328576
AAAGTCCCACCAGCCA-1,-20.333008622082616,14.687710275494283
AAAGTGATCGTACACA-1,-18.81233331055387,-25.2187903135706
AAATGGAAGCCGCTTG-1,1.8420906382860271,24.272914167916795
AAATGGACAATGCTCA-1,3.4027938929169186,24.032711827242988
AAATGGAGTACCGCGT-1,-3.8232809359300934,-20.40283911405333
AAATGGATCCTATTTG-1,-21.46075709482157,2.0808889243830455
AACAAAGGTGATGAAT-1,3.830224756607432,-19.116623517497697
AACAACCAGTAGTCCT-1,15.39264043215579,7.14698113330992
AACAACCCACGCTATA-1,-11.792157351514426,-13.000818950893171
AACAAGAGTTATAGAG-1,-2.8114979429131273,28.52952309071837
AACAGGGGTGGGAGAG-1,-12.852925829541327,-12.897327017261745
AACCAACAGCTTGTTG-1,2.4547424982518264,-12.039657348443988
AACCCAACAACTGATC-1,-15.117793669569311,-20.807971703134083
AACCCAAGTGGGCTTC-1,-18.65996792041894,11.595318602356802
AACCCAATCTTACCGC-1,-19.6276107319918,-23.419765121462852
AACCTGACATCCTATT-1,15.61114931968144,21.01069227809785
AACCTTTGTTTCGGCG-1,-16.439593896084702,-20.42823953129388
AACGAAAAGGTTGGTG-1,4.3934658793855235,3.434732227008783
AACGAAACAATGTCTG-1,-1.9426388810188497,-0.9504941476228622
AACGAAACAGCGTTTA-1,14.617011702821967,8.38686598190962
AACGAAATCCATTTAC-1,6.432391113519551,-12.336387122247384
AACGGGAGTCGCTCGA-1,7.345577685296588,21.68821821334367
AACGTCAAGACGCCCT-1,12.137850293507958,19.03090501061716
AAGAACAAGACCATTC-1,-9.602541845088155,-13.029463063218994
AAGAACAAGCCTCAGC-1,-2.377741533943062,28.231971859107926
AAGAACATCTTGCAAG-1,8.901147804534403,-17.024970621700817
AAGACAACACTTCAGA-1,6.9852217658091655,25.640950481009742
AAGACAACAGATCACT-1,-0.4823704679351642,24.130868946645467
AAGACAACAGTAGATA-1,-3.3682464545906194,4.22143823690887
AAGACAATCCGCGAGT-1,20.437444440654705,-14.382364729886827
AAGACTCGTGACGTCC-1,-3.648917896306321,3.3525301064207196
AAGCATCAGGTCCGAA-1,17.01466324856099,-11.651914564599688
AAGCATCCAGTCTTCC-1,1.312662895860934,28.691859593199037
AAGCGTTCACTGATTG-1,0.2886885962302272,22.52794747537861
AAGCGTTTCGCTATTT-1,-19.89297555877639,11.146110706248876
AAGGTAAAGGAAGTAG-1,-10.367157914214335,-12.388067543772515
AAGGTAAAGGCCACCT-1,-1.0263683297624198,-19.937037109561743
AAGGTAAGTCCTTAAG-1,2.788860780259662,-19.40694991584138
AAGTACCAGCGCCTTG-1,15.13492207669042,-14.972035360211887
AAGTACCAGCTCCATA-1,13.423556367574342,-11.812606901193648
AAGTACCCAAAGAACT-1,16.217723761620732,-11.740652829815014
AAGTGAACATCAGCAT-1,-11.457351426324998,-10.62242389485253
AAGTGAATCGGAAGGT-1,8.734809362920045,22.89951560221257
AAGTTCGAGGATACAT-1,14.379154283604496,-17.662972545988165
AAGTTCGGTCAACACT-1,4.9664760306190985,21.154585765471133
AATCACGAGGCTCTAT-1,-2.7000989051733484,0.810305510015887
AATCGACAGTATGTAG-1,-0.17492073629230157,-5.222106216274365
AATCGACGTGAGACGT-1,13.308350241840877,15.222114662660829
AATGAAGCAGTATGAA-1,5.582643502984628,-11.79256712514035
AATGACCGTGTCATCA-1,2.0949623648150357,20.635225057988002
AATGGAACACTCATAG-1,-19.734265683799983,15.10147897012298
AATGGAATCTGATGGT-1,11.450826613936641,24.184780626109763
AATGGCTAGGACGGAG-1,-1.7818254796658062,-3.990211349603172
AATTCCTTCCATTGGA-1,-0.43202063759638204,28.292195309155634
ACAAAGAAGCCTCAAT-1,11.412232150394498,24.20283687233478
ACAAAGAGTTCCATTT-1,0.059263915670862984,-23.3734870839644
ACAACCATCTATCCAT-1,14.923849926873373,-8.10810503570088
ACAACCATCTGCCCTA-1,6.6659881258923885,-17.518583870908508
ACAAGCTGTAGGTCAG-1,-2.569530231509982,-19.28919317389094
ACACCAAAGAGTCAGC-1,13.549190265318627,-17.156326347730396
ACACGCGGTGTTGCCG-1,2.146969711869441,26.386300786490406
ACACGCGTCACCTCGT-1,-19.650005588658104,-24.280403322113152
ACACGCGTCGCCGTGA-1,13.328684197377433,12.349477332317933
ACACTGATCACTGATG-1,9.74338508348128,14.877589189921954
ACACTGATCTTTCCGG-1,-0.6018743399825266,-17.073769669031194
ACAGAAAAGTATTAGG-1,4.514503548611712,25.75035312475843
ACAGAAACACCAGCGT-1,16.66562616702443,17.703020475470833
ACAGCCGTCGCTGTTC-1,-19.303786851459407,3.94142089105268
ACATCCCCACAAATGA-1,3.745782750910887,-11.803336583454518
ACATCCCGTAAGATTG-1,8.84677086048772,17.102113255260022
ACATCGATCTAAGAAG-1,-18.071119707935434,-25.994892721454885
ACATCGATCTGAGAGG-1,-11.225323049386152,-17.772427611706295
ACATCGATCTTGGGCG-1,14.488694430340775,16.899351309063995
ACATGCAGTTGCTTGA-1,17.549479232370775,12.838864319951533
ACATTTCGTGCCGAAA-1,18.70157053491136,-16.679354799050643
ACATTTCGTTTCTTAC-1,-27.66845550893193,8.544108467197933
ACCACAAAGGCCTTGC-1,9.515220862068798,16.955993992257568
ACCACAAAGGTTAGTA-1,-2.3419252195840623,0.9061093190372523
ACCACAAGTCTGTGGC-1,-23.486564314496498,2.898208834216547
ACCATTTCATTGGGAG-1,-0.6346697889946048,-20.16452856267668
ACCCAAAAGCCACAAG-1,-4.201538617573415,4.6373610421990685
ACCCAAAGTTGGGAAC-1,-4.637790796064806,20.784770149985306
ACCCTTGGTATCGTAC-1,-2.883561538841247,-19.22970641752152
ACCCTTGTCATTTCGT-1,-12.934537590985048,-9.47607969945529
ACCTACCCAACGGTAG-1,-11.851112375384687,-12.30615163122793
ACCTGAACATGAGAAT-1,8.233162009290838,-16.84195557014525
ACCTGTCTCAAGTCTG-1,13.462778436881672,-16.97454117256448
ACCTGTCTCTCAACGA-1,-3.5417390500082493,30.583063591807278
ACGATCAGTCGTTCAA-1,-13.761296198400201,-12.301516211387465
ACGATCATCCACGGAC-1,-10.528752361063212,-12.84205295240901
ACGATCATCCGTTGGG-1,12.674300343209785,-15.45057988854241
ACGCACGAGAGAGTGA-1,-10.954147715841518,-19.044654400021233
ACGGTCGTCACTACGA-1,8.535184376824139,-22.407761856220333
ACGGTTAAGTGCTCAT-1,-22.83243899829511,9.659016207058837
ACGTAACAGGTGCTTT-1,10.48155373404918,-12.991882026258605
ACGTAACTCATATGGC-1,-24.250441799201965,3.456216227952025
ACGTAACTCTTCGATT-1,9.547991975219848,12.671372088797384
ACGTACAAGCTGTTCA-1,-10.539097349810465,-13.772247237564404
ACGTACACAAAGCTCT-1,1.6540581193389499,23.48655348293165
ACGTACACAGACGATG-1,-17.819292001563678,-23.473822616940623
ACGTAGTCACGCCACA-1,-22.78496688660613,5.781009717835407
ACGTAGTCATTAGGAA-1,-8.431770812609008,-12.871089005386569
ACGTTCCGTGGGTCAA-1,16.457071559457905,9.555308856905636
ACTATCTGTGTGTACT-1,-15.82732541406502,-22.13352184212178
ACTATGGAGAAATCCA-1,-19.781767590197067,15.885262820690338
ACTCCCAAGGTTGGTG-1,-15.475081431865146,-24.04979653396329
ACTCCCATCGTCCTCA-1,10.45551297831744,-13.335449699486452
ACTGATGAGCAGCGAT-1,-22.230677857703938,9.820618756493932
ACTGATGCACCAGCCA-1,-25.842554906625693,6.026363820951384
ACTGTGACAACTCGAT-1,13.822320553324616,-14.997854522235164
ACTTATCTCTAAGGAA-1,-1.290695934112909,22.24243826719206
ACTTCGCAGAACCGCA-1,2.254467962610495,-13.929042503821174
ACTTCGCGTACTCCGG-1,-22.428377777840982,5.925741121224085
ACTTTCAAGTATGACA-1,-12.326949842172715,-18.49977464680359
ACTTTCACAAGCGAAC-1,-1.778070864543768,-5.656164163490307
ACTTTCAGTACGCGTC-1,9.472028001524462,-21.867806827506904
AGAAATGTCATTCGTT-1,0.29081905512918677,-2.2805919565605772
AGAAGCGGTCTAGATC-1,4.684178679046472,-23.446268428462158
AGAAGCGTCTGCGTCT-1,5.443053250398565,-22.573783341758027
AGACAAAGTAGCTTGT-1,6.131809493505751,21.299728248997077
AGACACTCAAGTCGTT-1,10.748529629917009,-22.22367726275254
AGACCATCATTACTCT-1,15.760151008233375,-9.727647372168063
AGACTCATCAACGCTA-1,5.2409520357248045,-15.481573829630863
AGACTCATCAGAGCGA-1,16.654163747143453,15.195710469224549
AGAGAATAGAGGGTCT-1,-12.40757187071348,-19.381235562771234
AGAGAATCACCCAACG-1,14.09135212105143,-13.615679235984327
AGAGAGCAGTTGTCGT-1,-21.037514191374058,5.452956352419007
AGAGCAGGTCATAAAG-1,16.666739823748884,10.099530123915404
AGAGCAGGTTGAGTCT-1,17.89944270947066,-14.401109477267276
AGAGCAGTCGCGCTGA-1,-9.56277981472408,-16.667690256387687
AGAGCCCGTCACTCGG-1,13.386582763516415,-18.176361507865888
AGATAGAGTGACACGA-1,15.019292489171324,12.948645237157601
AGATCGTCAGGACTTT-1,-11.335216056262501,-13.191965503862125
AGATGAACAGGCACAA-1,0.09055210740707345,-23.177881712744735
AGATGCTGTACGGTTT-1,17.28332138410756,9.895707494610894
AGATGCTGTGTGGTCC-1,21.93785571838997,-17.47856857729221
AGCATCAGTCGGTGTC-1,4.527525571698671,22.10913772267428
AGCATCAGTGGTCCGT-1,17.638336650008682,-17.599610116617416
AGCCAATAGTCCCTAA-1,1.695469482068936,-21.507537040507692
AGCCACGCAGGTTCGC-1,13.872284722553012,-11.477426369601535
AGCCACGGTTCCGCGA-1,6.290905455705089,19.918898984471145
AGCCACGTCCGAGAAG-1,-13.595961172305335,-19.09277920338234
AGCCAGCGTAATGCGG-1,13.345191705409377,-16.13829794753094
AGCCAGCGTAGTTAGA-1,-10.673459242613934,20.11214629218256
AGCGTATCATATGCGT-1,-4.341180611228667,4.103367092716294
AGCGTATTCAGTGGGA-1,-21.24761497872078,2.277132465738437
AGCGTCGCATTGACCA-1,16.14968570044106,-20.080192726888097
AGCGTCGTCCTTATCA-1,-1.3753508283057907,4.026032894681805
AGCTACACAGTCGGAA-1,5.193880752091014,-25.098363694867874
AGCTACAGTCGTTTCC-1,-12.670032767966951,-13.350285585267333
AGGAAATTCACCATGA-1,-2.3959062602673113,28.04033350969448
AGGAATACAAACTCGT-1,15.209579217802743,-17.050436425607163
AGGAATATCATTACGG-1,18.811324540699356,-19.44298257310484
AGGACGAAGACCTTTG-1,-17.094052418374424,-24.12842640896304
AGGACGAAGATTAGTG-1,7.308867574716612,-21.551128785766036
AGGACGATCACTGATG-1,12.677596150158205,-16.849761475869464
AGGACGATCCAGTACA-1,-10.156355013514435,-18.210636109909313
AGGACTTTCCTACCAC-1,-14.556213715978835,-20.341010999626462
AGGAGGTAGGTCACAG-1,-2.1001035914823007,0.08555387672715821
AGGATAAAGAACAAGG-1,19.447970983356587,-16.691338125852138
AGGCCACAGGGCCAAT-1,9.586211566335267,-16.349694330393515
AGGCTGCAGGGCTTCC-1,-23.646995396593358,9.105841793271994
AGGCTGCGTGTGTGTT-1,-19.51192159900211,6.05718682419569
AGGGAGTCACCATTCC-1,-4.031870611321381,3.6410527459368547
AGGGAGTGTGTCGCTG-1,21.271192780522558,-17.79285408596244
AGGGCTCCAATACGCT-1,18.435604726572826,13.520921151348839
AGGGTCCCAGGACATG-1,11.974358292677739,12.886643244522789
AGGGTCCCAGTAGTTC-1,-13.065973050862105,-19.816653434314713
AGGGTTTCAGCGTGCT-1,10.663467060034751,24.080938054500315
AGGTAGGAGGAAGTAG-1,-25.819085588187317,6.656531698555996
AGGTAGGCAAAGCGTG-1,11.36624282135662,21.040807628122767
AGGTCATTCAAGTCGT-1,16.238268051578277,7.813423219412382
AGGTGTTCATTAAGCC-1,8.304543426112986,26.327962979417734
AGGTGTTGTCGATTAC-1,4.363871805196802,-15.040807820690134
AGGTGTTTCAATGCAC-1,13.38561877479646,-9.95145938185494
AGGTGTTTCGTTACCC-1,16.92854164421579,8.129263386628297
AGGTTACAGGTGCGAT-1,14.34653080537239,-16.8015609351675
AGGTTACGTCTGATAC-1,-4.456510074761537,31.197920252449123
AGTAACCCAAGCTCTA-1,11.179778744335993,12.99866939621675
AGTAACCTCGTTGTAG-1,18.26843766035911,-15.298888836105855
AGTACCAGTGGGTCAA-1,14.864803662239533,21.815202768550837
AGTACCATCAGCTTGA-1,-17.68442127233451,-25.153589734095597
AGTAGCTAGGAGTACC-1,-20.792258733878086,7.125162097143973
AGTAGCTCACTGCTTC-1,-2.8291780632108816,-5.387264918651561
AGTAGCTCAGGCACTC-1,18.55855566585171,15.463099296858623
AGTAGCTGTTAGAAAC-1,10.206639831078558,17.621062721678438
AGTAGTCGTATGACAA-1,7.32311465295126,-19.808896219307588
AGTCAACAGTCATGCT-1,9.546986812562244,25.37953292417575
AGTCAACGTACACGCC-1,-10.670368695986472,20.11363276747603
AGTCTCCCAACCGTGC-1,-17.692423818272108,11.295975425229019
AGTCTCCGTGAGTCAG-1,-12.407858600020347,-16.343315466458748
AGTGCCGCATCTGGGC-1,-11.403791219533286,-13.474891715635412
AGTTAGCAGTCAGGGT-1,-11.147787696449562,-10.393885629718664
AGTTAGCGTACCATAC-1,-26.474819616863225,7.626090396713887
AGTTAGCGTTCATCGA-1,-11.83711681948439,-12.220504807268133
AGTTCCCCAAACAGGC-1,-14.300178802495255,-22.434662956069204
AGTTCCCGTTACACTG-1,17.49749652878082,-12.00696677607548
AGTTCGAGTATGCGTT-1,-23.433449277945268,4.736418893428932
ATACCGACACACGGTC-1,1.2001916517140556,-18.162515355953197
ATACTTCGTACGACTT-1,12.130357644552442,22.841243566463124
ATACTTCGTTCGGTAT-1,17.224199202843202,-18.170497487009587
ATACTTCTCAGCTGAT-1,6.156509070190509,-19.40539023565849
ATACTTCTCGCCGTGA-1,-18.899424037347288,9.222774870884859
ATAGACCTCCGCTTAC-1,-15.640431056330554,-20.277194988695086
ATAGGCTGTGTTACAC-1,9.563581257712519,15.18527794959339
ATATCCTGTATGAGCG-1,-20.299795352151083,6.960420268513563
ATCACAGAGACGTCCC-1,8.063430450847921,20.924681275532794
ATCACAGCATGACGTT-1,12.17252789339689,24.2690828676935
ATCACGATCCGCAACG-1,-13.448613094769136,-18.92512450505575
ATCACTTGTGGCTGCT-1,12.758097660543065,25.875095852792594
ATCCACCCAGCAGTGA-1,-18.250592292796764,-25.06227884254102
ATCCACCCATGTCTAG-1,-17.19938744200672,-23.804141192631835
ATCCACCGTTTGTTGG-1,6.9445234653934245,24.248883454898028
ATCCATTAGACGCAGT-1,-20.16341911210638,4.207208378232195
ATCCCTGCAATTTCTC-1,-9.668242807097862,-14.875585211844692
ATCCGTCCAACTCCCT-1,-24.112735694786515,3.489379504003738
ATCCTATGTCTGTGCG-1,-16.242386035360735,6.026295873038513
ATCGATGCAACGGCTC-1,-18.722007228408767,5.143871909116602
ATCGATGGTCAATCTG-1,-15.452545027013041,-23.363314318237116
ATCGGATAGGAAAGGT-1,4.07657557284477,-24.49341941225453
ATCGGCGAGTCCTACA-1,-2.5968298588573333,-8.469000069763457
ATCGTAGCATCGGAGA-1,13.728158286088025,9.247775926468941
ATCGTCCAGCCTGAAG-1,-0.47879417292646576,28.176233488858678
ATCGTCCGTATGAGGC-1,10.572539857654597,18.626206123060285
ATCGTCCTCGGAGCAA-1,-4.872273939171555,31.919874910279134
ATCGTGAAGCAGATAT-1,13.544927952501276,12.29656368142808
ATCTCTACAAGAAACT-1,6.722643153030551,22.964629523648203
ATCTCTAGTCGTGGTC-1,1.9434537945279402,-11.574317529702904
ATCTTCAAGAAGAGCA-1,14.56345345091739,8.60694714094821
ATCTTCACATACTGAC-1,16.317386352934992,12.52906973388567
ATCTTCAGTCTCTCCA-1,15.353996885859063,13.027927079444366
ATCTTCATCTCATAGG-1,-10.070406007634949,-13.940727726078563
ATGAAAGTCCTTATGT-1,7.045833008643583,-17.1324112247989
ATGACCAAGGCTAACG-1,4.683994937056108,21.80245514985877
ATGACCACAATATCCG-1,2.822311421593764,-22.800898375371588
ATGAGTCTCCAGTTCC-1,-26.771512531562554,9.417834370707908
ATGATCGGTCGAACAG-1,-23.027887416448543,9.273960712181022
ATGCGATGTGCTCTTC-1,-21.86261574109491,8.829318456733652
ATGCGATGTTGTAGCT-1,2.2378846808812103,-12.312420150454537
ATGGAGGGTGTTTACG-1,-0.09199505054359237,-5.212330213543788
ATGGATCGTAGATTGA-1,-19.728277071766893,15.051275367490975
ATGGATCTCGACCTAA-1,4.736728472391345,-11.525194238553679
ATGGGAGAGACGTCCC-1,10.487433517325298,-17.669398085792295
ATGGGAGCACTCCGGA-1,5.368100766383111,27.569290759163714
ATGGGAGTCCACTGAA-1,7.799729767938986,16.113805735120636
ATGGGAGTCCCATACC-1,-0.18072745269732807,-5.258659906829223
ATGGTTGTCACGGAGA-1,11.525859797500855,17.055484262111513
ATGTCCCCAGGAATCG-1,-20.132606296563193,5.980578895336117
ATGTCCCCATAGGTTC-1,-19.053619887253834,10.616581984329946
ATGTCCCGTCCTACGG-1,15.228594173070507,18.952067755304622
ATGTCTTAGATGGCGT-1,-1.8564123782615432,4.119311876150593
ATTACTCCAGCTTTGA-1,8.171838033443393,-19.5129388976905
ATTACTCGTTGCAACT-1,-18.14128679148345,11.940071419996967
ATTCACTAGAAGGCTC-1,-12.922454603155867,-9.787778456185714
ATTCACTTCTCCGCAT-1,-17.93952436537576,-23.72407831116149
ATTCAGGCAAGTATCC-1,17.219206577344224,11.595060641952834
ATTCAGGCATAGCTGT-1,7.796476277705527,21.86226059535606
ATTCAGGTCTTCGTGC-1,1.7051448553439927,-25.116474124027388
ATTCCATCACGACTAT-1,-0.6687447232413783,-6.514236950216873
ATTCCCGAGTCACTCA-1,11.747420351438443,-13.93775550628586
ATTCCTACATGAGATA-1,13.285117712888463,25.73750741010876
ATTCGTTCAGTCTTCC-1,0.095903996341365,-17.734018108849625
ATTCGTTGTAACACCT-1,15.458984448605454,-19.16183049689666
ATTCGTTGTGTAGCAG-1,-8.459753986512258,15.873134101965153
ATTCGTTGTGTTCAGT-1,7.235456832391608,-24.659200777025283
ATTCGTTGTTCTTGTT-1,16.008034216111632,14.17857524975353
ATTCTACTCTCGTGAA-1,13.887897489118338,-15.292632511562072
ATTCTTGAGTTCCAGT-1,-1.4782146001992178,-6.354543673426264
ATTCTTGGTACAATAG-1,-10.96560179500168,-11.05908714401983
ATTTCACAGTGCAAAT-1,0.8685986409446618,26.142732334579424
ATTTCACGTGGATACG-1,9.409736948089416,21.879731634160212
ATTTCTGCAAGGTCTT-1,10.253066248038975,21.56193309756975
ATTTCTGGTATCCTCC-1,-27.115331891306077,8.929247995579013
ATTTCTGTCGATGCAT-1,16.270258205559237,13.612307072420363
ATTTCTGTCGGCCAAC-1,6.092306327270434,-21.118753084488095
CAAAGAACACATATCG-1,3.2352803845924223,-13.93106879863169
CAAAGAACAGCTGTTA-1,-10.657405575103569,-10.91953031644796
CAAAGAAGTTCTCCCA-1,16.40089158829707,19.607174520562744
CAACAACTCGATACTG-1,-7.375774967310061,-15.70352272634551
CAACAGTCATCCGTTC-1,12.684268800243139,-9.905422057675647
CAACAGTTCGAGCACC-1,19.302266895506403,-14.600439252199457
CAACCAAGTTAGAAAC-1,15.29619509850886,9.317725178433065
CAACCAATCCGCTTAC-1,-2.2376365221739976,3.3585244689144935
CAACCTCGTATCGGTT-1,4.148238994093732,-15.255525667199949
CAACGATAGACGGAAA-1,7.404991857926691,19.744456025313102
CAACGATAGCCTAGGA-1,8.910439010126401,25.481871640578227
CAACGATCAAAGCACG-1,1.0730873601478546,-16.148825339036655
CAACGATTCAAGCCCG-1,10.26205382757541,17.957125674624333
CAAGACTAGTGGAAAG-1,-13.91140789732204,-13.02145804088721
CAAGACTTCAATCGGT-1,12.410582325703047,21.602170316352172
CAAGAGGTCTTCACGC-1,3.3304784012174826,23.911487698493946
CAAGCTAGTGGCTGCT-1,-1.8633794790088807,25.024605435942274
CAAGCTATCCAAGGGA-1,-4.300079027887721,3.505125025661387
CAAGGGAAGAGTCGAC-1,-0.764960868595322,-20.821383097950232
CAATACGAGGCAGCTA-1,-3.210826768955923,-6.217748780732345
CAATACGTCTCGACCT-1,-2.871255345854308,4.373110009758462
CAATCGAAGAGGATCC-1,1.4641889497953775,-23.785461916243946
CAATCGATCCGTACGG-1,4.984038726168065,-18.168716867873474
CAATGACTCAAGCCCG-1,9.118529113177066,-22.81104355851296
CAATTTCAGATTGCGG-1,-17.439295916506108,6.139315001261999
CACACAACAAGAAACT-1,16.865770201744972,-13.269698906313677
CACACAACACGAGGAT-1,10.23223776512768,12.476868323714
CACAGATCACTCCGAG-1,0.6155354793078192,28.17935055590626
CACAGATCATCATGAC-1,15.400848346149695,13.866510906861992
CACAGATGTTCCGTTC-1,-4.840019670805507,32.232256930046745
CACAGGCCAACGATCT-1,12.022516727071826,13.113284023220418
CACATGAGTTTCGACA-1,2.647111741319896,-16.833951578209767
CACCAAAAGGACATCG-1,6.718762908446827,25.487220033968057
CACCGTTCACCCTAGG-1,13.056225558568904,-13.509890799451306
CACGAATCACATAGCT-1,1.4146712041053076,-17.573305826596066
CACGAATTCAAGTCGT-1,3.2778877809918305,-22.249126341655924
CACGGGTAGCATTTGC-1,7.697427788898112,22.406000147846346
CACGGGTTCCCGATCT-1,-21.13752248124804,9.13168272406084
CACGTTCCAGCTTCCT-1,7.290473323674328,25.398317925069527
CACGTTCTCTATCACT-1,0.5662776850262264,-22.283122163509304
CACTAAGGTGATAGTA-1,-0.38369449102931336,-18.52230396140627
CACTGAAGTCTTTCTA-1,-24.18690475488958,5.930820156462207
CACTGAATCCTGATAG-1,-3.9181246140889887,21.38677747500978
CACTGGGAGGCGACAT-1,6.512598417107429,20.52129364112319
CACTGGGAGTTACTCG-1,16.994308790525494,13.647222892228381
CACTGGGGTCGCACAC-1,-2.4454689438682884,29.06381127056164
CACTGTCCACATATGC-1,-26.796372623731777,8.873863778856814
CACTTCGTCACCTACC-1,11.015976858476831,23.781179272859056
CAGAGCCGTGCCCGTA-1,13.376431478651192,-18.08782715277334
CAGATACTCGTTCCCA-1,5.059073979107239,-15.374971572745471
CAGATTGAGAACGTGC-1,12.118192923082809,-20.66222721941836
CAGATTGAGCTGAGCA-1,8.08761098283111,-23.271512725872533
CAGATTGGTGACTAAA-1,-18.110863600499737,11.784711294718964
CAGCAATGTATCGTTG-1,-3.9842602673075795,30.404644907922567
CAGCAGCTCAGAGTTC-1,-12.148085445859618,-17.34607549862134
CAGCCAGGTGGGTTGA-1,-3.1935036313182428,29.55713056370813
CAGCGTGTCCATCACC-1,-19.466322392983933,6.893148029671749
CAGGCCAGTTCAATCG-1,2.0730648846522555,-20.920246306356756
CAGGCCATCACTCACC-1,-3.6145451862475397,-8.303518897562816
CAGGCCATCCACTAGA-1,12.710695234441122,24.038777202292575
CAGGGCTAGATTGGGC-1,-11.470030000613436,-17.180490630736486
CAGGGCTTCGACGAGA-1,-8.532469700838416,15.968969292939097
CAGGTATGTCAGTCTA-1,-4.758048589336962,20.714655802991157
CAGGTATGTGTAAATG-1,-18.96364072915022,5.989532392343424
CAGTTCCCAATCGTCA-1,-10.00949669105872,-10.228211772886775
CATAAGCGTAGCGCTC-1,13.623340246888347,-12.644492028694682
CATAAGCTCCGTGTGG-1,9.885878617530185,25.025708050457
CATACTTTCAACGAGG-1,1.4087738023159477,-17.230635071538178
CATAGACCATCTCAAG-1,-3.1384739070828753,2.66084372253346
CATAGACGTACCTTCC-1,-2.080248801497849,-4.374402139924059
CATCAAGAGCGCCGTT-1,-6.043900952196682,30.751937235475886
CATCAAGGTATGGTTC-1,-21.046186667603376,9.569023566495256
CATCAAGGTCTAACTG-1,-21.2849516464966,1.278572991594576
CATCAAGGTTGTCCCT-1,-25.06328311877032,5.437853046242188
CATCCGTGTATCGCTA-1,15.863747024392136,-16.93457826949372
CATCGCTTCTTTGCAT-1,-2.4484715014454923,0.6592985416788653
CATCGGGTCGCTACAA-1,-20.814716385463868,9.664799172939526
CATCGTCTCCGTTGAA-1,-9.752990733894432,-18.480420528740538
CATGAGTCACCATTCC-1,-13.449113240074892,-21.076333176856284
CATGCCTCAATTGCTG-1,-26.04665215141591,7.793023896444381
CATGCCTCAGGCTATT-1,11.231609761512388,12.462288637796856
CATGCCTGTTCCGCAG-1,13.409474509781502,25.204825996050687
CATGCTCGTCTCTCAC-1,-25.953752228744516,1.134746216120378
CATTCTAGTAGCTTGT-1,-13.384880337852909,-11.218250275305413
CATTCTATCAGTAGGG-1,11.492782068690577,24.155287303964226
CATTGAGAGGGACCAT-1,1.3096123448856778,28.574085688859363
CATTTCATCTCTCTTC-1,10.485545256581702,23.7253727544445
CCAAGCGAGCTAATCC-1,16.2546928880699,-9.377866854968593
CCAAGCGAGGTTCATC-1,16.638534063760076,13.706574766906556
CCAATGAAGGTCACTT-1,-20.53364368989261,5.1647828930704724
CCAATTTCAAAGGCTG-1,-13.690043485839693,-12.239611619646402
CCAATTTCATTCGATG-1,-14.312081892468502,-21.14860316584078
CCACACTCAGGACTTT-1,-4.921351630742529,31.694141431788132
CCACCATAGGTCATCT-1,-7.366358919787711,-15.501109905905908
CCACGAGGTAATCAAG-1,-2.0970162019868193,-4.29544633801787
CCACGAGTCTTCCTAA-1,7.0256919067855215,26.241095322312407
CCACGTTTCATCAGTG-1,-21.080544651481162,12.218762242350532
CCACGTTTCGTGAGAG-1,7.789679925389185,-21.99915018048657
CCACGTTTCTGCTGAA-1,-20.29325206469083,12.376858952512263
CCACTTGCAGCTATTG-1,-8.070981970256984,-13.17998388451695
CCACTTGTCGCAGAGA-1,-5.080900647477367,31.462714044580117
CCATAAGGTGAGGAAA-1,10.268423587114905,18.586460201408602
CCATCACAGTGGTGAC-1,-2.861975660882978,3.6368645867129685
CCATCACCATTAAAGG-1,-20.935629205316353,12.16043118135267
CCATCACTCTAACACG-1,15.25698535442496,14.653121667341505
CCCGGAATCAAACCCA-1,13.185259393822724,-8.374018135006105
CCCTAACCAGGTTCGC-1,11.568097912810263,-11.511010202398971
CCCTAACGTAACTGCT-1,-1.9399206346077287,27.93735252858958
CCCTTAGGTTTCCAAG-1,1.265693913264688,-16.053120335705863
CCGAACGAGCTAAGTA-1,19.6225689928318,-20.27783881045771
CCGAACGAGGAACGCT-1,-2.140878401561137,26.175258524893344
CCGATCTGTGGAGGTT-1,13.035845896547741,18.19625723767402
CCGATGGGTTCTCGCT-1,-4.349227206621525,21.033268382453507
CCGATGGTCACCTCTG-1,15.25928250133564,7.870259537167166
CCGATGGTCTGTCGCT-1,-18.411047940964455,13.231705300587823
CCGCAAGCATTCAGGT-1,15.737386850206505,-11.583843400429537
CCGCAAGGTACCAGAG-1,2.280216034356736,-12.338752495026535
CCGGACAGTGATACCT-1,-1.097115474360187,27.387041726646764
CCGGGTACACTCCGAG-1,2.335936616500241,23.56178110078651
CCGGGTACATACCAGT-1,-2.7652848459738246,-4.899302486878095
CCGGTAGGTAGTACGG-1,-17.880719806310534,-23.01868248369851
CCGTAGGGTTCCCACT-1,-19.265802676901068,-24.84994337420766
CCGTAGGTCATACAGC-1,-24.19993737784811,3.7798315182103543
CCGTGAGAGAGGTCAC-1,-14.654652265224545,-22.474130079462483
CCGTGAGTCGCCTTTG-1,-25.845248290412925,3.057349051661955
CCGTTCACAGAAGCTG-1,-2.4818184165253636,-9.334010017771034
CCTAAGAAGACTCTAC-1,-2.3794127074367446,-17.930665437314214
CCTATCGAGACAGCGT-1,12.638831250504856,21.694042464473547
CCTCAACTCTTAGCCC-1,13.694713439347224,-8.653019725517339
CCTCAGTAGCAAGGAA-1,15.222525626549237,6.017076226595093
CCTCAGTCATGATGCT-1,15.067265153203548,-10.2798915295887
CCTCAGTTCCGAGCTG-1,-24.235673737260516,6.784969819878773
CCTCATGCACTATGTG-1,-17.46792315499598,-24.959903389509513
CCTCATGGTTTCGCTC-1,9.173530613016991,-12.731263233765358
CCTCATGTCTCTCAAT-1,12.942537931408832,15.441957245213572
CCTCCAAAGGCCCGTT-1,6.197623035157793,22.903854281711467
CCTCCAACAACCCTCT-1,-14.401019262399721,-20.985191200846234
CCTCCAACACAATGAA-1,-26.96594809474326,6.763452405896072
CCTCCTCAGTCCCGAC-1,-27.336068062657887,8.989245428228356
CCTCCTCCATTCAGGT-1,9.076044240103432,-12.882979456927876
CCTCCTCTCAAGCGTT-1,15.80590782624538,-10.565830366770218
CCTCTAGCAGACCTAT-1,5.47986083887378,26.87861670996932
CCTCTCCGTGTGCTTA-1,-1.197746401474111,-0.4671049114424108
CCTCTCCTCGTTCCTG-1,12.924314286834049,26.12624548186879
CCTGCATAGTGGTGAC-1,-3.931360187649637,21.408422350054902
CCTGCATCAACGGGTA-1,16.20723075652682,-9.858172106187016
CCTGCATGTTCTTAGG-1,0.10788896967988869,-18.01298396834744
CCTGTTGGTGTGCCTG-1,13.82104154346678,21.261552225455617
CCTGTTGTCAAGAGTA-1,-20.06740143026241,5.809210398738791
CCTTCAGAGGAACGTC-1,3.763576182827324,3.4028424231943175
CCTTCAGCACAGAGCA-1,-19.726142105875216,14.927210481211096
CGAAGGATCGACGCGT-1,2.0316831795784163,-19.122034732016903
CGAATTGGTCTGTTAG-1,17.791833300944162,-17.9893753232163
CGAGAAGTCAAGTTGC-1,-8.088790424741047,17.253869430106764
CGAGAAGTCCAATGCA-1,-2.950524742156816,21.821206553335603
CGAGGAAAGTCGCGAA-1,22.353552757815418,-17.978660971852378
CGAGGAACACTGATTG-1,-20.235804874079555,7.4271462013926755
CGAGGAAGTCCTGGGT-1,-0.5553875492524919,-0.8543785800253988
CGAGGCTCAGATCACT-1,-23.238454033210676,5.302196741153185
CGAGGCTCAGCATGCC-1,13.070425647651794,23.964278792063904
CGAGTGCGTTCCGCGA-1,5.807722029946384,-24.35144973379714
CGAGTTAGTCGAGTTT-1,12.609948853751296,13.549011217832692
CGATCGGCAATTGGTC-1,14.05640399110745,13.964555288705581
CGATCGGCAGCGTGAA-1,21.79296621134725,-18.591106092572186
CGATGCGAGCAGAAAG-1,18.412511553451687,-14.414541373363292
CGATGCGTCGAACCAT-1,-18.48661883506545,7.003199291595301
CGATGGCCACTCGATA-1,1.756300753592025,-21.56552425112176
CGATGGCGTAGCGTCC-1,1.68737280040189,-20.49937500101024
CGCAGGTGTGCTTCAA-1,-23.13491204444112,6.531052610519713
CGCATAAAGTGATGGC-1,0.983004129886783,28.447040213939758
CGCATGGAGGCCACTC-1,-6.666241990028143,15.288916409973814
CGCGTGAGTACAATAG-1,-22.259026543696425,5.00517354736052
CGGAACCGTATCACGT-1,15.398161103535477,15.05899985383747
CGGAACCGTTTGCAGT-1,-17.907088397476453,11.827533350131256
CGGACACAGGACAGCT-1,11.190447870555696,18.650750644295773
CGGGACTGTTTCACTT-1,-15.762212324752072,-22.891714639751413
CGGGTGTTCCGTGACG-1,11.852703837868775,18.164488944373865
CGTAAGTGTGATAGTA-1,6.432519767251722,-24.874430926116922
CGTAGTATCAGCCCAG-1,-11.914872799988569,-17.404060828586655
CGTCAAACAGAATGTA-1,-16.069162176577564,-22.549450437771082
CGTCCATGTTTGGAAA-1,20.61982566248426,-15.01997986882011
CGTGAATAGTCGGCCT-1,9.565010030063034,-19.226025553169197
CGTGATATCTGGTGGC-1,-0.43533505601406564,-4.873011532751319
CGTGCTTAGCTTTGTG-1,16.10736847387987,18.410278342943734
CGTGCTTCAAGCGCTC-1,5.171743040749347,22.098856823785297
CGTGCTTGTTTAGACC-1,4.6099885119705135,-24.659072419700397
CGTGTCTCACAGTACT-1,4.935938971715894,-23.19548700079839
CGTGTCTCATGGGTTT-1,12.031762915763366,-20.970201593457585
CGTGTCTGTCAGTTTG-1,1.1618260444697581,26.750159700906742
CGTTAGATCAGCCTCT-1,-4.444636559668081,31.46540237993748
CGTTAGATCATTATCC-1,11.269741940407176,26.815856679508716
CGTTAGATCCAAGAGG-1,14.922668947911095,8.572330920755377
CGTTCTGTCAGCGCAC-1,12.260504719725983,-20.298594939398555
CGTTCTGTCCCGAACG-1,-19.148470056924396,-24.518576697739803
CTAACCCAGCCGCTTG-1,12.879191219455166,-9.483634072821973
CTAACCCCACTTCAAG-1,-1.6387983613872137,-19.159277051199727
CTAACTTAGCCTCACG-1,-0.1257261733552598,-6.406446350426648
CTAAGTGCACAATGCT-1,-18.159484106052773,12.201104715126363
CTAAGTGGTCCACTCT-1,-12.884413547826458,-10.728704242135898
CTACAGACAACAAAGT-1,-8.520417486172454,15.993743642392895
CTACAGACAGGAATAT-1,-1.6655231784489308,-4.716910680058781
CTACAGATCAGGAGAC-1,-2.4210671913484156,-8.367832264025225
CTACCTGCAACGGGTA-1,-3.065341475084391,4.989148150647138
CTACCTGTCTCGAACA-1,16.519099993032913,18.600843820156307
CTACGGGTCACCATAG-1,-3.7889079558672676,4.556497787669013
CTACGGGTCGTTCAGA-1,-10.20648096448752,-17.296053733343342
CTAGACAGTCGTGGTC-1,-6.028515032972666,30.419508556675286
CTAGACAGTCTAACTG-1,0.06673946011091378,26.2366512324477
CTAGGTATCTAACGCA-1,-21.102774756219606,4.029212731514019
CTATCCGAGCTGTTAC-1,12.885690819721981,-16.710453220387045
CTCAACCGTGGATGAC-1,-19.6879968213251,14.774265252990425
CTCAACCGTGTGTCGC-1,-16.901696725121692,5.665039052131596
CTCAAGAAGATTACCC-1,1.9457091041990098,-16.00064967293839
CTCAAGACATCCTGTC-1,0.4667468212980994,-2.395762648100228
CTCAAGAGTCAAAGAT-1,-17.245624255412164,-25.509346632271356
CTCAATTTCGGAAGGT-1,11.163541344435666,18.869934215999603
CTCACTGCACCTTCCA-1,16.593044637986086,-11.975229948990886
CTCAGAACAATTGTGC-1,-25.967749951445906,1.153708421191121
CTCAGGGGTCATCGCG-1,17.359089486273014,12.75142930821922
CTCAGGGTCTCACCCA-1,-4.903588246566508,32.18641465738031
CTCAGTCAGGGACAGG-1,-19.326089375525097,-25.119356761827504
CTCATCGAGAGGCGTT-1,15.298743508162467,-15.18795115599897
CTCATCGTCGTACCTC-1,-21.56262040706359,7.158426853991762
CTCATTAAGGAAGTGA-1,12.568000874515553,14.313721865624036
CTCATTATCGTACACA-1,-4.679126876848686,21.232940217513978
CTCCAACCAATCTCTT-1,-9.585045977783691,-10.198073371204712
CTCCAACGTAGTGTGG-1,4.962404408292869,-22.704147765496035
CTCCATGAGACAGCTG-1,-22.812877695109375,6.565658594839093
CTCCATGGTGTTGACT-1,17.07331736520255,9.567920286993331
CTCCATGTCATCGTAG-1,16.86039613222848,-17.872030163157362
CTCCATGTCGTCGATA-1,10.02742276777711,22.873599301548822
CTCCCAATCAATCAGC-1,-17.59143670140279,-25.446934884229833
CTCCCTCAGCGCGTTC-1,11.237290048746829,26.910902853392045
CTCCCTCCACCGGAAA-1,2.154875780607895,20.588030251737386
CTCCCTCGTTTACGAC-1,-4.218112838440843,-9.026717596127613
CTCCCTCTCATCGCTC-1,-4.306278165608365,-9.015020331177444
CTCCGATTCCTTTAGT-1,-11.336324029290004,-10.89546628835459
CTCCGATTCTTTCTAG-1,14.791690572004118,-8.315271728891586
CTCCTCCTCACCTCTG-1,15.650359917743085,-10.640953649201636
CTCCTTTAGATGCTGG-1,-2.0451049112863537,26.13094042786498
CTCCTTTTCTACACTT-1,13.931905682284143,-8.565305544739974
CTCGAGGAGCCTATTG-1,-21.721122233134597,2.4168671757760847
CTCGAGGAGGAAAGGT-1,-13.025413931899811,-12.718146874475728
CTCTCAGGTTAAGCAA-1,19.821959620239184,-14.344843801062659
CTCTCGATCCATAGGT-1,-27.080452956930653,6.202639772157277
CTCTGGTAGTAGGATT-1,12.457302539046575,10.46797426909961
CTGAATGAGCTCTATG-1,17.120817894697776,14.782073934093365
CTGAATGAGGCGAACT-1,21.551500454010103,-17.532405074198287
CTGAGGCGTTCAGCGC-1,-18.17636002096274,5.055366241892263
CTGATCCGTCGCGTCA-1,6.450579419073293,-24.669636426287212
CTGATCCTCCCTCTAG-1,-12.315548442719907,-9.31924958446489
CTGATCCTCTCTCCGA-1,3.4506644313894776,3.38077737392638
CTGCAGGAGCCATTGT-1,11.823997521325172,-20.894723165746463
CTGCATCAGCGTCAAG-1,14.124525636801666,7.373202957706659
CTGCATCGTAAGCTCT-1,13.415452531086002,-20.93005220066396
CTGCCATTCAGTGTTG-1,2.877055375917711,-21.749834869373643
CTGCCATTCGGAACTT-1,4.089370389101037,24.20081704037614
CTGCCTACAAGACTGG-1,8.993107059585594,13.063421617314216
CTGCCTATCTTGATTC-1,-26.340740595085975,8.903640617416372
CTGCGAGAGATTAGAC-1,10.300114932200986,14.48315608545368
CTGCGAGAGTGCACTT-1,9.56475029334924,19.697200419898273
CTGCGAGCAGATTCGT-1,-16.888250130942726,5.121723694514276
CTGCGAGGTAGGTTTC-1,16.298381885662693,8.095190723001444
CTGCTCACAGCGTTTA-1,-3.2513815274487894,29.51578958950754
CTGGACGCAACGATTC-1,1.7928019908179287,-23.512438465246785
CTGGACGCACACGGTC-1,13.08724456876839,19.55904869849489
CTGGACGGTTCCCAAA-1,-6.98179798611035,-17.408639509588195
CTGGACGTCTCATTTG-1,0.3253615819888726,28.28765794011467
CTGGCAGGTTGCAAGG-1,14.702346709877938,6.694647615420119
CTGGCAGTCGTCTCAC-1,2.038884132235595,-19.30050587746332
CTGTCGTAGCTGGCCT-1,20.879626098633178,-15.032759369560981
CTGTGAAAGGAACGCT-1,16.793376884294975,21.04805001344681
CTGTGAATCATCGCTC-1,14.38715941959325,15.664421733346416
CTGTGGGGTCGTGATT-1,-8.576443402244081,15.946169564855891
CTTACCGCATGTGGTT-1,-3.790068818636229,4.5400900908159745
CTTAGGAGTCTGTGGC-1,-21.644332299121874,2.1121785416036984
CTTCAATGTTGGACTT-1,11.574195422045518,-10.940111527560559
CTTCAATTCGAGAGCA-1,-6.656355616744515,15.180931501159833
CTTCGGTCACGTTCGG-1,-23.095481985959868,4.370917866043836
CTTCGGTTCCAAGAGG-1,-22.203473577740173,4.741392031394139
CTTCTCTTCCTACAAG-1,-0.3415132814626043,-16.679248361776402
CTTGAGAAGAATTGCA-1,18.959471857510163,-16.493230282090778
CTTGAGATCCCGAGGT-1,-1.3973481404698602,3.1758206039700845
CTTGATTAGGTAGGCT-1,14.483018283047128,-17.885672778301775
GAAACCTAGGAGGTTC-1,15.244819502862308,5.425972052035856
GAACACTGTTGGACTT-1,-26.79731350395625,6.278481055926873
GAACGTTGTCAGGAGT-1,8.585673881172742,14.487645437163112
GAACTGTCATCGAACT-1,14.746282959529806,-12.34884149065131
GAACTGTTCTCAAAGC-1,0.6594900190200677,-19.4774231063726
GAAGAATAGGTACAAT-1,12.575036810693124,22.333406521614652
GAAGCCCCAGGAACCA-1,-3.136958772708395,29.599319506800303
GAAGCGATCAGTAGGG-1,-8.694441694670505,-11.74930129772216
GAAGGACGTCTGCCTT-1,9.388328858022902,17.861949995709118
GAAGGGTTCGCAGATT-1,20.770337811745097,-19.543768658975804
GAAGTAAGTCTAGATC-1,3.149371939576147,-23.497074647671692
GAATCACCAGTGGTGA-1,1.4161497487274024,-18.027023626355923
GACACGCCAGTCCGTG-1,-22.177836261370008,6.664450637989724
GACACGCGTTCCAAAC-1,-18.24424832813484,10.320111823261566
GACAGCCGTATCGTGT-1,-13.115588631574218,-10.310842228458608
GACATCAGTAACGATA-1,14.075511962981274,5.567495966512415
GACCCTTCAGCGTATT-1,-4.4075969540949425,31.939421108567828
GACCCTTCATCATCTT-1,2.2304907441939106,-13.104558846353422
GACCTTCCACCTGCGA-1,8.56466810666398,16.90005510928645
GACCTTCGTCGAGCTC-1,16.848452299238353,-12.693252633790703
GACTATGCAGTCCCGA-1,-2.2693906794050616,0.17995504221507594
GACTATGCATCATTGG-1,12.96340185707529,20.68509706531752
GACTATGTCCAAGGGA-1,5.317769835680231,-19.262283899925023
GACTCAATCTAGTGAC-1,-2.214657373631229,4.278705060880222
GACTCAATCTCCCAAC-1,15.95866186730442,13.893396277028911
GACTGATTCATCCTAT-1,11.135088581511706,-12.286321408688053
GACTTCCTCCTCTAGC-1,9.82585308619103,-13.40946277665913
GAGAAATCATTGGATC-1,12.571930249188036,-10.057343628464563
GAGACCCAGTAGGATT-1,9.163476714698598,21.778678839333892
GAGACTTAGTCACTCA-1,-15.738114809092382,-25.32213141903134
GAGACTTCAGGCTATT-1,5.622339069985869,25.560023789657084
GAGAGGTTCATAGACC-1,19.727615618458184,-16.067514203560226
GAGATGGCATGTAACC-1,20.012925911673534,-16.342655412059933
GAGCCTGAGCGCACAA-1,-2.7921636148845406,1.8772691451533567
GAGCCTGAGGCAGCTA-1,-10.670932507855635,20.11319479434933
GAGCCTGCAGTCTCTC-1,-7.54542090651492,-15.76251866579602
GAGCCTGGTCCACGCA-1,-0.3204683714573857,-17.52706441772924
GAGCTGCGTCGGATTT-1,5.84478633612489,21.067037957545594
GAGGCAAAGTCACGAG-1,2.6720002165562073,-25.519172086811324
GAGGGATCACTTGGCG-1,14.792696073989926,-17.58671649927668
GAGGGTACAGTTTCAG-1,6.962897895951541,-19.941531268956226
GAGGGTAGTCAACACT-1,15.592151483713337,-17.45149402197263
GAGGGTATCTGTCCCA-1,7.606225236922689,-22.49913571615515
GAGTCATAGGGTTGCA-1,-21.424062638795633,1.6339739861825595
GAGTGAGGTCGGCTAC-1,-19.554201572823633,4.987309461727823
GAGTGTTCACAAGCTT-1,-17.858537410913648,4.348179253154729
GAGTGTTGTACGTAGG-1,-10.654713901246451,-17.352203990127933
GAGTTACAGACGACGT-1,6.113390273387583,-21.11402137254388
GAGTTGTAGCGTTACT-1,10.713016880078767,21.115579473009074
GAGTTGTAGTGCGTCC-1,10.427757748729586,12.959341911978814
GAGTTGTCACGGTGCT-1,-12.889483438674754,-18.561796725976805
GATAGCTGTCGGAAAC-1,0.5191233872921699,25.048469336026052
GATAGCTGTCTGTTAG-1,-1.1851000657466886,-21.000735641794567
GATAGCTTCGTGCAGC-1,-18.884844051694486,6.983602457343655
GATCACACACCCTGTT-1,-4.472564853756174,-20.94281457428612
GATCAGTAGGAACATT-1,-19.46087295308592,5.318217029178201
GATCAGTAGTGCGCTC-1,10.88324214203946,-9.747203585055292
GATCAGTGTTACAGCT-1,-0.08651034824262256,-1.6410101079740584
GATCATGAGGCCTAAG-1,2.5835892852773537,-24.143564246577697
GATCCCTAGAGGATGA-1,18.125669164353027,-16.77042925184419
GATCCCTGTAATTAGG-1,18.813823775249162,-14.443432556717374
GATCGTACAGCGCGTT-1,2.2937748081393443,-22.23165605185618
GATCGTATCTCTGGTC-1,-15.784698227619254,-20.631363181267123
GATGACTTCGTGGCGT-1,10.757389126383497,-9.662563429348099
GATGACTTCTCTAGGA-1,-25.82696080847789,2.7572557614944
GATGAGGCAAATGCGG-1,21.5391230119779,-18.507336655742733
GATGATCGTATGGAAT-1,-10.419120663357416,-12.497977047397491
GATGATCGTGTAACGG-1,-21.374177032490042,10.571670653651971
GATGCTAGTACAGGTG-1,12.12736900138192,-20.133859822172507
GATGCTATCCTACGAA-1,-2.028931554257999,-7.3606450695822065
GATGGAGAGCCAGACA-1,-17.84728397787299,12.542219286990843
GATGGAGCACTTGAAC-1,2.0694511635778357,-19.062604255499448
GATGGAGTCTGCGGCA-1,18.53509257408198,-19.38611301678316
GATGGAGTCTTCCAGC-1,9.433621975753121,16.399312082784387
GATTCGAGTCGCACGT-1,-2.255106034730421,0.8687731038176155
GATTCTTGTACAGTCT-1,4.637915589175153,-16.837046223007054
GATTGGTAGGCTGGAT-1,-1.6176262689014993,-3.4913392597407995
GATTGGTGTTGAGAGC-1,1.606714256035095,-23.948691119642824
GATTTCTCAAGTGGGT-1,-10.760063228833062,-18.353400541129428
GATTTCTGTCGTCGGT-1,-1.2232310874227272,-0.5618791234161769
GATTTCTTCCTTCAGC-1,-28.100133737378442,8.073482874630372
GCAACCGTCATTTCCA-1,-13.8270813962494,-22.17435949872499
GCAACCGTCGAACGGA-1,-21.476009184479533,7.294625159519964
GCACGGTAGTAGTCTC-1,4.584480846118538,-22.145918837187118
GCACGGTCACCCAACG-1,-23.76354197994308,7.6258583821959975
GCACGTGTCAGACATC-1,-19.061260299935206,-24.297637742346385
GCAGCCAAGAGGTCAC-1,-21.800100792646464,4.395515563492621
GCAGCCACATACATCG-1,-22.983896411088228,3.8800574894619038
GCAGCCAGTTGCGTAT-1,-20.264969719132274,12.381548255938089
GCAGCCATCACCGGGT-1,-11.385708152193015,-12.755500255937939
GCAGCTGGTAAGTTAG-1,6.270810937890396,23.58449707157737
GCAGCTGGTGGGTCAA-1,-24.832155815070173,6.4328845963418795
GCAGCTGTCAAAGCCT-1,-10.67847761450611,20.118558518709694
GCAGCTGTCCTTCTGG-1,-10.39928007297212,-11.88257853124895
GCAGTTACACATTCTT-1,16.2130045933313,12.323508695315454
GCAGTTATCTCTCTTC-1,-4.6138698255766935,31.76830915534055
GCATCGGGTAACGATA-1,13.61661327877666,25.714591239696343
GCCAACGTCTAACGCA-1,-17.450094809489823,-24.253773909196422
GCCAACGTCTGCATAG-1,9.073269484205989,26.25803246142659
GCCAGGTGTTAGAAAC-1,11.95331963273264,-17.5506352123383
GCCAGTGAGTCCTACA-1,-20.749234472879884,8.249614675772179
GCCGATGAGGCGAAGG-1,-2.9740491140244916,4.014580957301322
GCCGATGAGTAACCTC-1,16.267504174413975,-17.341603950966398
GCCGATGCATCTTTCA-1,-24.9450989918902,4.844010794459137
GCCGTGACAACGACTT-1,14.051200844335218,13.885411252539036
GCCGTGACATGCCGGT-1,-14.393720427425222,-13.0479013064523
GCCGTGAGTCAGTCCG-1,4.4050791519407095,3.409571759830591
GCCTGTTCACAGTCAT-1,-0.39748681526216295,26.600963779279418
GCGAGAAAGTTGTAGA-1,-4.632161481420813,30.57750486019809
GCGAGAATCCTCAGAA-1,16.785555913887695,-11.984393917206587
GCGGAAAGTGTGTCCG-1,-12.85040961000033,-18.43599833517025
GCGGATCAGCAACTTC-1,16.497584696900052,13.102278316435081
GCTACAAGTCAGCTTA-1,-1.0469442950793524,-2.8889814601977934
GCTACCTCACGCACCA-1,6.661505288475131,26.94108797937217
GCTACCTGTCCTACAA-1,10.240602507805281,21.21559354969105
GCTGAATAGCACTCTA-1,-17.443364562120877,11.542286224775555
GCTGAATCACACGGAA-1,-17.40066163434743,4.970618920946947
GCTGAATTCGTTAGTG-1,4.615330566484979,25.576642914104863
GCTGCAGAGGGCAGAG-1,-19.705273377235333,14.84941306814822
GCTGCAGGTGCTGATT-1,9.233165038811771,-19.965662653865824
GCTGCAGGTTGACGGA-1,14.316921813750334,15.959519920329914
GCTGGGTAGTACAACA-1,-18.228102452831827,-24.557254903911854
GCTTCACCAACACGAG-1,-2.7162609142901086,22.13940830231571
GCTTGGGAGAAGGTAG-1,-2.3393801960674465,27.82722006267097
GCTTTCGAGTGCAAAT-1,10.288590016144202,20.383881978647427
GCTTTCGGTTCGGGTC-1,4.652854474948299,-14.447081664543754
GCTTTCGTCCGGTAGC-1,2.66358325976389,-23.54200003663656
GCTTTCGTCTGGGTCG-1,-0.9334484272661173,28.630065333328513
GGAACCCAGCCATTTG-1,13.63256566794319,21.737888110419448
GGAACCCTCTAATTCC-1,-26.515966554945482,6.158728917089167
GGAAGTGCAACCCTCT-1,16.746401815865926,11.057044039964362
GGAATCTCAAACTGCT-1,12.64180200873326,-13.792682535435622
GGAATCTTCAATCTCT-1,-0.4435362914332096,-18.407891398470195
GGAATGGAGGACTAAT-1,-0.6318552473213307,28.836243206544957
GGAATGGCACGACGCT-1,23.035446176978052,-16.231574349335595
GGACGTCGTTCAACGT-1,4.826455498584856,23.223564531484378
GGAGAACGTGCCCACA-1,15.678596501418149,7.089891098007722
GGAGGATGTATGAAAC-1,7.248974181155427,20.31286943566864
GGAGGTAAGGCGTTGA-1,10.955121069251732,15.386805581609025
GGAGGTATCTGGTGCG-1,16.02846748369024,8.48799592520607
GGATCTAAGCAATTCC-1,-2.189962768593153,0.0389408032997087
GGATCTAGTGCCTGCA-1,3.6540076900185254,3.3884792560287385
GGATCTATCACCTACC-1,6.5382236413002515,-16.529888029514588
GGATCTATCATAAGGA-1,-10.993102661605777,-12.545134732791176
GGATGTTAGCCGGATA-1,-0.7745711606539589,-15.986015503974938
GGCACGTAGGCCCGTT-1,-4.409831564117949,4.378112383525461
GGCGTCACATTGTGCA-1,-3.9956985022997515,-8.890730389332141
GGCTGTGCAAAGCTAA-1,-19.50845741352378,-23.002230213956498
GGCTGTGCACGGTGAA-1,-20.09678868137088,10.619210569180114
GGCTGTGGTCCACATA-1,18.188031848556758,11.400155811581705
GGCTTGGCACCGAATT-1,-23.316666713801766,9.060570863957699
GGCTTGGGTAGATCGG-1,-17.869309329791296,9.672856438639865
GGCTTGGTCTTCTTCC-1,13.668238927463326,7.326557965606023
GGGACAATCCGATCTC-1,6.467739265890025,24.306489640975272
GGGACCTGTTAGGGAC-1,-2.168153711898898,-4.14004795734803
GGGACCTGTTCTTGTT-1,10.448494292333622,-11.965818275564406
GGGACTCCACATATCG-1,13.091727746990456,-20.614899457552895
GGGACTCCACGGGCTT-1,-0.21087680313340154,22.39329712858269
GGGAGATCACGGGTAA-1,13.180859966936056,-21.1566949723176
GGGAGATCATGCAGGA-1,14.060155260439272,5.565916401861084
GGGAGATTCACGGACC-1,-23.050315409529997,7.833595510633545
GGGAGTAAGCAGGCAT-1,1.7751179831671717,26.530245691560257
GGGAGTATCACCTCGT-1,-6.63555666503815,15.584762252167318
GGGAGTATCTTAGCCC-1,15.077752837885553,14.586758635976341
GGGATCCAGGGCAATC-1,-17.371085326257724,-21.869517834252477
GGGATGAAGGGAGGGT-1,20.3552336243348,-17.130283955576243
GGGATGAAGTCCCGAC-1,1.5851839415023352,-23.392218532469382
GGGCCATTCAGACCGC-1,10.995067572023174,20.12460115373431
GGGCTACAGACCAAAT-1,14.407742026450634,-11.696732189671135
GGGCTACAGGCAGTCA-1,18.891878801281184,-16.732894160630813
GGGCTCATCGCAATTG-1,4.809527224947636,-17.011762905210315
GGGTAGAAGTAGGGTC-1,22.315690567639486,-17.975199697074896
GGGTCACCAGGAGGTT-1,8.084319560546428,-23.240089385039134
GGGTCACGTCCTTAAG-1,5.808546845316155,24.51382880899636
GGGTCACTCACAAGGG-1,13.989245207425725,16.759673980968945
GGGTCTGAGTCAACAA-1,14.416695319382141,5.693602841352682
GGGTCTGGTTTGAAAG-1,3.8905404546051505,-20.969330737367347
GGGTCTGTCCCGTTCA-1,12.286448200323202,13.882098459035815
GGGTGAACATAAGCAA-1,7.575917741323268,-18.898613126709304
GGGTTATCAGCCATTA-1,1.7329223713816888,-24.222976360539672
GGGTTTACACAGAGCA-1,14.125412778869519,17.019787770562928
GGGTTTACACTAAACC-1,-16.66342823771921,11.095387119786826
GGTAATCCAAAGGAGA-1,-13.807514536037202,-10.02120088265183
GGTAATCCACAGCATT-1,0.9434925980781037,25.36894804407867
GGTAATCCATACCACA-1,9.804060514140865,13.682486153777477
GGTAATCTCAAGTTGC-1,1.9580782458498809,28.502657318148977
GGTAGAGAGACCAGCA-1,9.398010514735336,15.221226068590294
GGTCACGCAATGGCCC-1,7.7768524777560355,-17.372230198638444
GGTCACGGTCGTGATT-1,15.423200171172564,-12.254284352737821
GGTCTGGTCAGACATC-1,-25.45774994771496,4.808397443898863
GGTCTGGTCTCCCAAC-1,-13.512608403896538,-11.793573237986964
GGTGATTAGCTGTACT-1,-19.043557294671334,4.86577951688409
GGTGATTCAGCTCGGT-1,8.716749029058125,20.436658664437818
GGTGGCTGTGCGCTCA-1,-18.772982055039844,-24.14763216566353
GGTGTCGCAACGATCT-1,15.478341607711954,20.523800648754122
GGTGTCGGTGTTATCG-1,-18.60284299507455,6.399302409880395
GGTGTTAGTGGATTTC-1,-19.731248361295144,15.42100304527467
GGTTAACTCACTCACC-1,-2.0565651590641347,-0.13203814370324002
GGTTCTCCAGGTTCCG-1,11.554722397734656,11.549310296158625
GGTTGTATCGAAGGAC-1,-8.169826144884313,17.041140314771795
GTAACACAGAAAGCGA-1,-3.455190680037658,-8.582437649330771
GTAACACAGCTCCGAC-1,-5.33240337958796,31.4334248532199
GTAACACGTAGATGTA-1,-9.674933050527269,-16.758884130577066
GTAACACGTGGCGTAA-1,14.99930635334235,6.338508030777877
GTAAGTCTCGATTGGT-1,19.000012089883914,-15.153974331441587
GTAATCGCAGTTTCGA-1,1.2913690785775336,-24.720283249318193
GTAATCGGTTGCGAAG-1,-17.683205416694904,-25.49902780857104
GTAATGCCACCAGTAT-1,5.744670511810969,21.0413509343615
GTACAACAGATAGCTA-1,-17.351109944828114,-23.24539921150126
GTAGAAACATGGACAG-1,16.407631195799954,13.808507542236805
GTAGAAATCTGAGATC-1,7.5938142012245695,25.423102283899702
GTAGAGGCAACTTCTT-1,7.805402773995658,-11.362587187777157
GTAGATCCATCCCGTT-1,6.564777731400849,-24.306491878685566
GTAGCTATCTCATGGA-1,7.7270379896666705,24.938448425349286
GTAGGAGTCCGTCACT-1,-20.05457964421685,-23.87610651785523
GTAGGTTCAGAAGCGT-1,17.698555158608137,-13.863643304860824
GTAGGTTGTGTTCGTA-1,-10.029061176765678,-17.89906072559314
GTAGTACCACCCTATC-1,2.7033911695898336,23.75911610887008
GTAGTACTCTGTGTGA-1,-4.821072009621508,20.58456939661993
GTATTTCAGAAGAGCA-1,19.652955201760598,-18.2252900113691
GTCAAACCAAGCACCC-1,9.123281517205694,-19.886784042279945
GTCAAACTCAATGCAC-1,-2.1973250655069014,-4.303761655645915
GTCAAGTCAATACCTG-1,-2.5404257729772604,-8.101711956442493
GTCACGGAGCGGGTTA-1,16.69704296113449,-18.10781677547794
GTCACGGCACCGTACG-1,4.674946703777899,-18.472276965790652
GTCACTCTCTTGAACG-1,6.967180332301206,-12.967053222672472
GTCATGAAGACTCATC-1,-2.074528023492833,0.08546511406664645
GTCATGAAGTTTGGCT-1,15.410774382790825,20.201336525313007
GTCATGACATTGGATC-1,-23.716841081575406,5.651580928768243
GTCATTTCAAGAGAGA-1,22.457225856482925,-17.022913012448118
GTCATTTGTACGACTT-1,-1.6536559246056988,-3.187014150393416
GTCATTTTCCTAGAGT-1,-15.550351754267933,-19.505653267550233
GTCCCATCATGCCGAC-1,18.09382440857619,-18.014533846368867
GTCCTCAAGTCACGAG-1,-19.534544706627006,15.61834727383575
GTCGAATAGGAGTATT-1,-22.038227659966633,4.521927674660059
GTCGAATCAGAACCGA-1,15.554521535184454,11.759382765805087
GTCGAATGTCAAGCGA-1,16.38514250737265,9.872776025892623
GTCGCGAAGCAGCGAT-1,-12.16465184420696,-14.702831002898465
GTCGCGAGTTTACCTT-1,-17.52376958464946,-24.36792884817597
GTCTACCCAGGAAGTC-1,17.937036581503325,-17.96931937673325
GTCTAGACAATGCAGG-1,-4.288006136939682,4.109688749571279
GTCTAGAGTATGTCAC-1,-3.3240885004631,21.737297472602634
GTCTAGATCGAGAGAC-1,-18.79348211524463,11.354165813530365
GTCTGTCAGATACGAT-1,10.306077550345737,-17.572736668519354
GTCTGTCTCGAGCCTG-1,-17.492779761416163,-22.820963980261908
GTGAGCCCATCTTCGC-1,-3.1830265771160495,-6.392186431676907
GTGAGCCGTGATCGTT-1,-15.8813705889423,-18.986523949565925
GTGAGCCTCTGGAAGG-1,13.976892452537067,16.874199785880354
GTGAGGAAGCATTGAA-1,6.243963287057723,-25.689050364326693
GTGAGGACACAACATC-1,-12.692809684875707,-11.666343373706946
GTGAGGACACTTTAGG-1,20.224735292695506,-15.664766515531351
GTGAGTTTCCAATGCA-1,5.35084568442977,-17.094517264745377
GTGATGTAGACATCAA-1,4.712636360243564,-21.668390732792354
GTGCGTGAGCTTCTAG-1,6.701973713428692,24.976741116201314
GTGCTGGCAGGCTACC-1,-15.60872035335819,-19.67337255669828
GTGCTGGTCAAACCTG-1,13.44423223220966,-11.31145946539584
GTGCTTCAGACCATAA-1,16.64986695979767,18.154389709344194
GTGCTTCCACTCATAG-1,-17.351594795450474,-23.75190879314213
GTGCTTCGTCGCTTGG-1,12.478150030780137,16.068112932189717
GTGGAAGAGCCAAGTG-1,-5.440708192126121,-15.336071677758428
GTGGAGAAGATCCGAG-1,-1.8601182140030241,-0.07658678368097192
GTGGCGTAGAATAACC-1,-9.252404081407892,-16.411698121269097
GTGGCGTCAATCGAAA-1,-9.812820984123078,-12.67649831198178
GTGGGAAAGGTCGTAG-1,-23.59228463713824,4.9749649696313
GTGGGAACATGAGTAA-1,7.805855443005664,-22.31635530721643
GTGGTTAAGTAACCGG-1,4.556091592615381,-11.598208104569718
GTGTAACTCTTGGTGA-1,6.146256076890376,-12.07331126612866
GTGTCCTAGTCGGCCT-1,-17.586763276632546,-23.180653511163513
GTGTCCTCAGTTGTTG-1,-19.920947943159028,12.969988661496531
GTGTCCTGTGGCCTCA-1,12.97648772698339,-11.4240948637578
GTGTGATCACTACGGC-1,1.7563543557652734,-22.74934766455466
GTGTGATTCTTACGTT-1,-15.61955555611759,-20.697651667007438
GTGTGGCAGGTACTGG-1,-3.6629035473089737,21.505916092621472
GTGTGGCAGGTAGTCG-1,-13.922571633016192,-12.780967826851358
GTGTGGCGTAAGTTGA-1,-1.427364069702464,1.12827259078987
GTGTGGCTCACCACAA-1,17.111801854574605,-14.76041945289679
GTGTTAGAGACGGTCA-1,12.444613683241307,6.282761496804169
GTGTTCCAGGTGCCTC-1,-25.805848035192813,2.025864149797766
GTGTTCCGTAGTTCCA-1,3.767529950340518,3.4041320921947733
GTTACAGAGGGCTAAC-1,-2.8979962361526956,1.9647126552157066
GTTACAGAGTGTAGTA-1,21.456255343455133,-18.066495247378793
GTTACAGCAAATCAGA-1,6.829966271798231,-12.834694237004236
GTTACGAGTATGAGAT-1,10.246691851321083,16.5073222666897
GTTAGTGAGAACGTGC-1,8.0726045599722,-21.470439611286444
GTTAGTGCACCTCTAC-1,5.675220760473944,24.0187473635822
GTTCATTTCCGATGCG-1,2.7609632968772533,3.348994663517477
GTTCCGTAGTTGCCCG-1,17.251243910376047,17.03172738102958
GTTCCGTCACCCGTAG-1,-9.805133630785157,-16.6143174436412
GTTCTATCAAATGAGT-1,-16.660797629831457,5.821875878514021
GTTCTATCACGTGTGC-1,2.207612979064545,26.641254584787525
GTTCTATTCTACACTT-1,-16.792705098100672,-23.403334763191662
GTTGAACAGGAACATT-1,-19.235794876366388,-25.097946982010164
GTTGAACGTACCCGCA-1,1.8702646345356972,22.95213275771695
GTTGCGGAGCTGCCTG-1,17.258377655463242,-15.315108917382927
GTTGCTCAGTTTCGAC-1,-17.617479513880717,-25.68662740584727
GTTGCTCTCATTTCCA-1,0.8321168424704106,-16.69712398035093
GTTGTAGCAGTTCTAG-1,-11.799190172320712,-14.125779902296545
GTTGTGAAGACCTTTG-1,-2.884316107004046,4.128233733463281
GTTGTGATCTCGGTCT-1,14.510936506897444,-18.779253838159946
GTTTGGAGTGTATACC-1,2.3043879260583577,-17.720372052429163
TAACGACCACATATGC-1,15.521633718047163,-12.121945314461469
TAACGACGTGCCTACG-1,-2.888567887352301,-5.132646451781039
TAACTTCGTTGTGGAG-1,-18.245639168451557,-23.19029294055402
TAAGCACAGAAGCTGC-1,2.6321706643889153,-24.033324895445485
TAAGCACTCACCATAG-1,-25.10780099961112,6.168403762964826
TAAGCCAGTCCAACGC-1,-1.5324488507494756,-5.550926572350952
TAAGCCATCTGGCCTT-1,-24.842386134688706,5.142202633132728
TAAGCGTTCGTTGCCT-1,-16.3013155695259,10.712045980710826
TAAGCGTTCTGTCGTC-1,15.064589298713553,-19.72285158352201
TAATTCCCACTCCGGA-1,-7.594631493677505,-17.29467932431906
TAATTCCGTATTGACC-1,-4.51683293780172,31.02801625963178
TAATTCCGTCAGTCCG-1,5.698431414683934,-19.26861700112074
TACAACGCAAAGGTTA-1,17.941690890502862,-15.17119510304564
TACAACGCATAGATCC-1,10.795966146736903,-12.925145980355943
TACACCCTCGACTCCT-1,10.290709382710101,-11.320135557579112
TACAGGTTCCTTACCG-1,6.739832777133228,-18.880944647653465
TACATTCGTGGCTTAT-1,7.543162273390483,-17.51875707101265
TACCGGGTCCTCGATC-1,3.3373931694893453,3.3780704261161008
TACCTCGCACCCAACG-1,17.61467762884159,-12.626347595126822
TACCTGCAGTCACGCC-1,-2.7693262907731104,3.1169081748812224
TACCTGCAGTCTGCAT-1,3.9202076174120983,-18.960805145150598
TACCTGCTCCAAGCTA-1,-25.81918441939898,5.506395414624239
TACGCTCGTCAATCTG-1,-3.922367081112485,4.362407836547797
TACGCTCTCTCGGTCT-1,8.080957760933112,24.227391054116378
TACGCTCTCTTAAGGC-1,-26.046662695405477,5.2391360026821685
TACGGGCTCAACGAGG-1,13.81205172157775,-16.539242539666724
TACGGGCTCTACCACC-1,12.398270794679608,-14.70529176117461
TACGTCCCAAGTGATA-1,4.462607507792838,25.64348253012971
TACGTCCCATGTGTCA-1,-7.45844575478287,-14.32326871148157
TACTTACAGGCATCTT-1,-3.979551489846471,3.668946287603209
TACTTCATCATGCCGG-1,-12.373531328065193,-10.657562386828191
TAGACCAGTCTCGGGT-1,0.0328396628721403,-6.908812254511112
TAGACTGAGATTGTGA-1,-18.153815962238998,12.879655417460459
TAGACTGGTCTTGAAC-1,13.264027773966516,20.210109384380004
TAGACTGTCGCCGAGT-1,7.800501122098327,20.607516909244538
TAGAGTCGTTGTGTAC-1,9.891932995829386,19.022794520323757
TAGATCGCAAATGGTA-1,13.926325960578003,13.250954059229116
TAGATCGCACACGCCA-1,19.224188855220795,-15.914386429131133
TAGATCGTCACAACCA-1,9.501314147159679,21.683370408991752
TAGCACAAGTACTCGT-1,16.713785973337934,12.045208146863278
TAGGAGGCAAGACCTT-1,-20.250217851481064,5.286322283670425
TAGGAGGGTTCCAGGC-1,-26.19123075398242,8.945002732650535
TAGGGTTAGAGAGCGG-1,7.366763073206728,-19.64625625420118
TAGGGTTAGGAACATT-1,-25.143924223441253,8.623341184866716
TAGGTACGTGTCATCA-1,9.464928009502698,23.192128081307928
TAGGTACTCGAAGCAG-1,-18.502594945429557,-25.633478288277946
TAGTGCACACTCGATA-1,3.441089438632843,26.051937727768053
TAGTGCACAGAGGAAA-1,7.551682978516294,23.25672853201749
TATACCTGTTCTCGTC-1,-12.341336800522132,-10.862924933832748
TATACCTTCTGTCCGT-1,9.066299260217097,15.42185315970631
TATATCCCATGCGTGC-1,-19.55933367226998,4.1147238962842385
TATCGCCTCTCCCAAC-1,-0.37270499037778704,22.31990978599794
TATCTTGTCCATCTCG-1,-4.1340543616640675,21.373730817953806
TATCTTGTCGGCTTGG-1,14.21324772949486,5.635034852218198
TATGTTCAGTATGGAT-1,-13.348390265297793,-19.729883417859618
TATTGCTTCTCGAACA-1,-16.208736747032948,-21.485734720280423
TCAAGCATCCACTTTA-1,5.858394127544044,-17.998609043330625
TCAATCTAGAGGTTTA-1,13.836377453931076,-11.133759874989364
TCAATCTGTTTCCCAC-1,-26.17908060457249,3.8639364110824324
TCACAAGGTAGTGGCA-1,20.903260385741806,-17.3531463233286
TCACAAGGTGGATACG-1,5.092867240808058,25.164221034686122
TCACACCCACCAGCCA-1,0.499182047896063,28.738156434430838
TCACACCGTCTCACGG-1,-11.885137148416694,-11.111386672077932
TCACACCGTTAAACCC-1,0.44818813572314,27.911356083506394
TCACACCTCTGGGAGA-1,4.669564059742733,-11.580390543145882
TCACACCTCTTACCAT-1,-4.211591224544571,-9.064507635116877
TCACATTCAGAACTAA-1,-4.89472166188032,30.945650377467032
TCACATTCATGCCATA-1,6.8734466227767275,-17.206805413274296
TCACGCTAGGACATCG-1,-12.220341089168134,-9.775893502128554
TCACGCTGTCTGCCTT-1,12.737316333534102,-12.684833615565713
TCACGCTTCACTAGCA-1,11.866754520803504,-12.732595374224623
TCACGCTTCGCTGACG-1,2.7910007624177986,3.349248695240656
TCACGCTTCGGACTGC-1,11.811878341170376,-20.762897854242972
TCACGGGCAACCGACC-1,12.603517459924905,20.39574980019248
TCACTATGTTTAGACC-1,-11.7969588095527,-9.037398466306625
TCACTCGCAAAGCAAT-1,0.5464688987808037,26.18449022833356
TCACTCGGTCAACCAT-1,15.62430499013381,-12.375055075855615
TCACTCGTCGGTCATA-1,-0.17739948420162077,27.607117791078558
TCAGCAACAAATCAAG-1,-2.9990215635458393,29.13205183510036
TCAGCAAGTATGACAA-1,-3.5319983550193617,21.600938224556092
TCAGGGCTCATGCGGC-1,13.406891794047215,-16.223157096074843
TCAGGTACAATCGCAT-1,-23.8015430266238,7.97373608013017
TCAGGTAGTATGGTAA-1,6.243255401868028,-24.399688129519316
TCAGTCCGTAAGATCA-1,-2.117156533533338,27.119775036614623
TCAGTCCGTCTCTCAC-1,0.615937358533555,-18.071688005349284
TCAGTTTAGGATATAC-1,0.460733842549607,25.665371217850613
TCATACTCAGGTACGA-1,-10.35200162357232,-17.126492615551847
TCATACTTCAGAGCAG-1,6.2189091282686855,-24.13998037074739
TCATATCCATGCTGCG-1,-10.669171459583326,20.112824194464825
TCATCATAGCACACAG-1,4.004125359005037,25.975423295565342
TCATCATGTTGCACGC-1,8.82340461512178,17.189084885901003
TCATCCGTCCAACTGA-1,-24.902054981457045,7.7690954650135895
TCATGAGCAAGGCAAC-1,-3.2408320284029712,4.655626669725673
TCATGCCCAAAGCGTG-1,-13.062070570345758,-13.843498761230519
TCATGCCGTGTCTTAG-1,16.666626352602798,-17.216785740887623
TCATGTTAGAGGCGGA-1,-20.52150158980508,9.777766662301351
TCATGTTGTGTGTGTT-1,21.907608942160877,-17.572639873244654
TCATTACGTGCATGAG-1,-12.020190366854525,-16.049354740696018
TCATTGTGTGAGCAGT-1,16.559856837336262,-14.186730301218963
TCCATCGGTTTAGTCG-1,-17.238622766193384,10.800785601137173
TCCCACACACTAGAGG-1,-4.392256263002669,3.8365921857070586
TCCCACACAGACCAAG-1,15.709450116457472,20.433933294790727
TCCCAGTAGACCGTTT-1,9.196370271038179,15.65020623702415
TCCCAGTTCGACATAC-1,4.040142113725025,26.169496600560063
TCCCATGTCGGCCCAA-1,22.550850667555466,-15.333000673837038
TCCGATCTCAAACCTG-1,3.797222713677255,-19.51938025120127
TCCGGGACACGGGCTT-1,-2.6844557650119976,4.032685721819593
TCCTCCCAGTCTAACC-1,16.9319570297909,17.88759706036886
TCCTCGATCTCTCGAC-1,0.18918061453757792,-16.049708382976718
TCCTCTTAGAGTGAAG-1,7.931657027472051,17.241909921706974
TCCTCTTAGCCAAGGT-1,-1.8529383081093205,24.897327887505206
TCCTTCTCAACTCGTA-1,-3.7454300629332176,21.538913691563003
TCCTTTCTCGCTGTCT-1,-10.667195311399203,20.11187717555422
TCGAAGTGTATCAGGG-1,-11.848572478531025,-13.944164005346833
TCGACCTCAAAGACTA-1,12.547834681477706,-10.61122029667728
TCGACCTCAAGTAGTA-1,-8.528178050408536,15.984351313506654
TCGACGGTCGAAGTGG-1,-0.7533576329460162,-20.609346348774626
TCGATTTGTACGCTTA-1,-0.49953398411922373,-17.383206586510592
TCGCAGGAGATTGACA-1,1.9939677289957807,-20.751959478009358
TCGCAGGGTAGGCTCC-1,19.57918510967155,-15.597914139271683
TCGCAGGGTTCTAACG-1,12.914166374148339,-13.696486349396732
TCGCTCACAAGATTGA-1,14.07947103518003,-17.336694508676395
TCGCTTGAGAGACAAG-1,-12.225878573991558,-12.083453904713444
TCGCTTGAGCATTTGC-1,-12.493249195580695,-10.166709787414087
TCGGGACGTAACGGTG-1,12.445959530993571,6.392269315162837
TCGGGACTCTAGATCG-1,14.575049894112261,-11.804151113631212
TCGGGCACAGTTACCA-1,21.98358839891392,-15.126829291028827
TCGGGCATCCGATTAG-1,6.925541922164882,-21.670375438529387
TCGGGCATCTGAACGT-1,10.470194038783282,23.818363098447968
TCGGGTGCAGTCTGGC-1,15.63681253825444,8.269117637350757
TCGGTCTTCATTGCTT-1,5.267876780560706,-17.882047069167548
TCGGTCTTCGACATAC-1,6.929665279265771,-18.960255639270923
TCGTAGACAATGAAAC-1,12.104341594526742,16.83654168257468
TCGTGCTGTAAGGAGA-1,22.67748847888434,-17.25360951791579
TCGTGCTGTGATCATC-1,-10.690618011554474,20.11408063672586
TCGTGGGCAGAAGTGC-1,-4.102793919628618,4.34468252935355
TCTAACTAGGTCCAGA-1,-3.291380791468716,-8.78992189876576
TCTACCGCAGTCGTTA-1,2.0682394057587867,-21.186309422685344
TCTACCGTCCACGGAC-1,14.491629019081282,-8.352811151899434
TCTATACGTTATCCAG-1,15.85001837202528,15.768328663133115
TCTATCAGTATGCTAC-1,13.857761495999013,21.81795405963077
TCTATCAGTTGCCGAC-1,-2.002810956628967,-7.014455878813357
TCTCACGAGGCTCCCA-1,-10.040004400657912,-10.33646709922276
TCTCCGAAGTCAATCC-1,-0.9930592341351532,22.493828684855536
TCTCCGATCTCTCTTC-1,-19.904347505032984,15.74360773281743
TCTCTGGCAAAGCAAT-1,-3.8888894156306617,30.54176521660686
TCTGCCAAGTTACGGG-1,-0.5927240260927878,-0.39940938591749636
TCTGCCAGTAACGCGA-1,17.237252028935945,-13.310083145025919
TCTGCCAGTAGATGTA-1,3.2237259957670856,24.21118071424332
TCTGGCTCATCCTGTC-1,-1.2153185346704276,-17.8283178076058
TCTGTCGAGACTAGAT-1,8.649698025426467,15.874554812311079
TCTGTCGCACCAGCGT-1,-17.115944395560945,-24.24572107467606
TCTTAGTAGGCCTGCT-1,12.914590684221716,-9.539046034856183
TCTTAGTCAACACGAG-1,9.615162645485265,23.526782167769888
TCTTAGTGTTGCCAAT-1,7.555369463938467,21.327731717413037
TCTTAGTTCAGAATAG-1,-12.43910921011654,-16.11211656385509
TCTTCCTCACCAAAGG-1,-2.971106934543201,3.340932767745204
TCTTGCGAGATGAAGG-1,0.14431351377275126,-16.764691497245476
TCTTGCGCACTACTTT-1,-28.142613621576558,8.161506175805146
TCTTGCGCAGAGGAAA-1,4.314464719605125,-23.745858250252546
TCTTGCGGTCCAGCCA-1,0.4349914884839589,-19.426583843749633
TCTTTGAGTGGAGAAA-1,-18.152438571431716,7.828247024942785
TGAACGTCAAATGAAC-1,-10.368954340907372,-13.118411159190284
TGAACGTGTAACTAAG-1,6.3991240271105445,-20.21581745684264
TGAACGTGTCCATAGT-1,14.681265448140525,5.718721268424044
TGAATGCGTGGACTAG-1,-19.80923625547307,7.778801414670188
TGAATGCTCGACGAGA-1,13.009198230853293,21.384019473667003
TGAATGCTCGCCGTGA-1,6.597423207033626,20.807889619442545
TGACAGTTCGAGATGG-1,-18.181357431985617,6.701191694885302
TGACCCTTCTCATTGT-1,-2.9626494946318758,29.594570323554155
TGACGCGGTGGCTTAT-1,15.564343254825298,9.09696668194724
TGACTCCAGTCTCCTC-1,15.51301543122396,-11.281541610569507
TGACTCCCACCATAAC-1,16.79969893180761,12.713267046344772
TGAGACTAGGCTGAAC-1,16.81083686581859,-11.016536437648515
TGAGCATTCCATTGCC-1,-9.087563982298667,-9.833941364049751
TGAGCATTCCTTCACG-1,9.69609401037251,-12.254132543929789
TGAGCATTCGATACTG-1,6.296192006363563,-18.425875437194954
TGAGCATTCTGTCTCG-1,7.300556183542583,17.17897410598264
TGAGCGCCACTATGTG-1,6.139461495469833,24.622104232686972
TGAGCGCCAGCATACT-1,3.1292612756134233,25.537008450935694
TGAGCGCTCGTCTAAG-1,-11.40846136113205,-17.463072348832153
TGAGGAGTCCATCGTC-1,-19.82378381227323,14.656485647778956
TGAGGGATCAAACGTC-1,-19.266148086361945,11.857874853978716
TGAGGGATCATAAGGA-1,0.021923629716524118,-1.8865091081343608
TGAGGTTCAAACTAGA-1,16.191725670084047,12.200309826625604
TGAGGTTCAGGACATG-1,3.771747035512065,23.829569524932197
TGAGGTTGTAGCTTTG-1,-2.3785817793811304,22.08731331897503
TGAGTCACAGAACGCA-1,7.471273844448605,24.565550643649615
TGAGTCAGTAACCCTA-1,-14.873014602400898,-21.669983923151108
TGAGTCAGTCACTCTC-1,14.275749287950019,19.944446935216884
TGATCAGAGGATTCAA-1,0.012479001343084977,22.382445108393174
TGATGCACAGGGCTTC-1,-12.684732795836583,-17.32591547897508
TGATGGTAGACCCGCT-1,-15.289973310731021,-24.693572123619237
TGATTCTGTAGGTACG-1,-3.4990986235527988,3.8021500496866905
TGCACGGTCGAGTACT-1,-19.955877852657725,3.620364322699645
TGCAGGCAGCGTTCAT-1,10.798463951130717,-19.687547305446973
TGCAGGCCAGGAATAT-1,19.48792437890471,-16.031752129073965
TGCAGTAAGTAGTCCT-1,-19.525958534013395,9.477838127411632
TGCAGTATCCACATAG-1,5.0238566039747345,26.595014004014597
TGCATCCCACCCAACG-1,-25.6780787156665,3.277293103755503
TGCATGAAGCACCCAC-1,12.924177757048813,-13.20424203335751
TGCGACGAGCGACAGT-1,-18.87232353720412,-24.507938059610602
TGCGATAAGAATCGCG-1,-12.840834543006991,-11.418599659179662
TGCGGCAAGTGGTGAC-1,4.467967086744209,-25.177783895113993
TGCGGCACAAAGACGC-1,13.205628281454912,-16.926820081868634
TGCTCCACAATCTAGC-1,-10.206714979572508,-10.393587976119651
TGCTCGTAGACGAGCT-1,17.744203309198106,-18.056307863099132
TGCTCGTTCCCATTTA-1,-17.445617232297124,5.323145400905985
TGCTGAACAGCACAAG-1,4.343994646594306,-19.166885660947525
TGCTTCGCATAGCTGT-1,15.666686239746165,7.584238390953634
TGCTTGCGTGAACTAA-1,17.945111182331573,-13.45519010599516
TGGAACTAGCGTCTCG-1,9.75401645696079,15.683642656756117
TGGAGAGCAGTCAGTT-1,17.103331763028102,9.56866717112214
TGGAGGAAGTAGGAAG-1,8.67798494527633,14.47904851481145
TGGAGGAGTCTTTATC-1,3.1278340252097157,3.3688892166785362
TGGAGGATCGACATTG-1,-1.0829527963378798,-2.9110863253471626
TGGATCAGTTCTCCCA-1,18.07104840862053,13.738656076121071
TGGATGTTCACGGGAA-1,-7.448947045152514,-14.46137887088842
TGGATGTTCTATCCAT-1,-3.6853829038007517,4.147265195489358
TGGCGTGGTGGATTTC-1,-8.833180081353484,-11.786933160550648
TGGGAAGTCGATTGGT-1,-8.347056557791841,-15.917871392253232
TGGGAGAAGCAAGTGC-1,-21.15212802807794,3.3983509955726747
TGGGAGAAGTGGTGGT-1,12.659777914502284,20.361524943366216
TGGGATTAGTCACGAG-1,-18.410149639472355,-26.313338073984532
TGGGATTGTACGATGG-1,-0.4272393338687358,22.30022352959642
TGGGCGTAGTGGAATT-1,-18.909890809582624,5.568594564430739
TGGGCGTCAAATTGCC-1,-1.9226759643614386,-1.219717556026915
TGGGCTGAGAGGGTCT-1,12.660693417914855,-21.268250623594064
TGGGCTGAGCGTTAGG-1,-4.607778040117378,30.39366213755795
TGGGCTGCATCCGATA-1,-5.429196955508138,-15.377482099287388
TGGGCTGGTCGCGGTT-1,-18.286671368885898,-23.196890500974753
TGGGTTAGTATTGAGA-1,-4.555726591166539,30.990341642996377
TGGGTTAGTGCACGCT-1,-18.746721275409094,6.128082073102496
TGGGTTATCAGTAGGG-1,12.068755516448597,15.80788300702279
TGGTACACAAAGGGTC-1,12.918547651837896,-14.047007585370222
TGGTAGTCAGGCATGA-1,15.829343838257856,-18.573952596606315
TGGTAGTCATCACAGT-1,11.363870557043457,-13.941921057421315
TGGTAGTTCCCTCATG-1,17.533062993027244,12.713216141575641
TGGTTAGTCAACCTTT-1,-3.3363391292945823,3.2500917903213855
TGTAACGGTTGCGTAT-1,2.655832028350441,3.346648527848787
TGTACAGAGACTCGAG-1,6.610292534898012,22.623872876062737
TGTACAGAGTGAGTTA-1,9.190358286285749,20.271245179853747
TGTACAGGTGGATTTC-1,14.258163256293763,-18.608341410045053
TGTAGACTCCATTTAC-1,15.486046614480482,18.56974396247809
TGTCAGACAACTTGGT-1,7.1060292203035536,-19.24048355835634
TGTCAGACACTCACTC-1,3.0200839193988136,-18.77587563460855
TGTCCACCAACTGGTT-1,-12.286811355260397,-9.860061716905431
TGTCCACTCGCTTACC-1,-8.544331485229536,15.955334812674987
TGTCCCAAGCTCCATA-1,4.06057352232668,-18.330667080528503
TGTCCCAAGGTCATAA-1,-18.537914231915977,5.903474037457803
TGTCCCACATACTTTC-1,19.687696543503233,-13.291373701909253
TGTCCCAGTCAGGCAA-1,16.251217790547592,13.849961043649461
TGTCCCAGTCGGTGTC-1,11.366293841509968,13.502244576824845
TGTCCTGGTACTTGTG-1,16.881692222053115,-19.01727307722958
TGTCCTGGTTGGCTAT-1,-21.452788563932238,3.3577862235853773
TGTCCTGTCGGCTATA-1,-0.433406972961523,-5.6512974679423476
TGTGATGAGCGACTGA-1,-17.47722142321215,5.042763837940656
TGTGATGCATTCTCTA-1,7.6972354590209,-20.802251099380175
TGTGCGGGTCGTCGGT-1,-15.530990999872992,-25.341890125755757
TGTGCGGTCACATACG-1,9.294307142839623,23.066742771532937
TGTGGCGTCGTACCTC-1,15.440496562673262,7.856297018475689
TGTGTGATCTGACAGT-1,20.411756758691794,-16.7008204897278
TGTTCATAGCTGCCTG-1,-5.634003809727072,19.759783024719002
TGTTCATGTCCTGGGT-1,-12.257008831369731,-9.206289704250493
TGTTCCGCAAGTATAG-1,-22.961011951105984,2.9600002356364543
TGTTGAGCACAACGAG-1,12.295181502176833,12.160410844904165
TGTTGAGTCTCGACCT-1,-24.54651104067757,7.878352441125888
TGTTTGTGTGGAAATT-1,7.386073147814033,25.582587008954516
TTAATCCAGCTACTAC-1,11.864000804357785,21.98140632793692
TTACAGGGTGATTCTG-1,-11.643072853202439,-18.105391034890914
TTACCGCGTCCGAAAG-1,-5.421731632637281,30.708217042996502
TTACGCCCACGTCGTG-1,14.278856140915465,14.450757510440413
TTACGCCTCAATGCAC-1,14.68471717692219,-8.414238358863203
TTACGTTGTTTACGAC-1,-3.290428494223375,-19.810478423137276
TTACGTTTCTCGCTTG-1,10.389698332767521,-13.468846673348306
TTACTGTCATACATCG-1,-27.03007181984323,6.31573641610383
TTACTGTGTAAGAACT-1,17.58060061167268,12.232821612573069
TTACTGTGTTAAGGGC-1,-22.880820349115883,9.708846206274776
TTAGGGTCAGGTCAGA-1,-1.0182480024737497,-2.7665284534785117
TTAGGGTGTCACATTG-1,-12.982435378673369,-11.48698572105239
TTAGTCTCACGTATAC-1,14.944800538664634,-11.049499381759384
TTATTGCCAAACGGCA-1,-23.765464923363364,9.987363488400137
TTATTGCGTACGTAGG-1,9.708121828053944,12.40165587140653
TTATTGCGTCAACACT-1,-18.850732662213787,-23.105072720512606
TTATTGCGTGTCTTCC-1,17.399564583270344,14.072207776066087
TTCACCGCAGCCCAGT-1,-26.142636049304304,7.048993601777903
TTCACGCGTTAAGTCC-1,-2.688098009711987,-19.45663613607165
TTCACGCTCTATCCAT-1,4.303907560401432,-14.290845922579072
TTCAGGAAGATTGGGC-1,21.126068776679844,-15.747984337166136
TTCAGGAGTCTACAAC-1,-24.314406634519454,9.060260736953088
TTCATGTAGGTCATAA-1,11.346353604270359,-21.40156276671431
TTCATTGGTACGAAAT-1,0.15035623432500805,-5.221933680409172
TTCCACGAGGAAGTGA-1,-1.8231214743322748,-2.1683396949046996
TTCCACGGTCAACACT-1,-17.820642941546264,10.700775963339582
TTCCGTGCACTCACTC-1,15.704965549096595,-12.89539718092865
TTCCGTGGTTCCAGGC-1,-20.957924186665416,10.657097468629166
TTCCTAAGTGACGTCC-1,2.9188394407151677,3.357916059919431
TTCCTCTGTACCTGTA-1,2.1397281952092655,25.35894903734782
TTCCTTCAGCCTCAAT-1,-3.7271480997136903,4.228545051117208
TTCCTTCAGGTAGTCG-1,16.531554867959265,9.29540440876123
TTCCTTCAGTAGTCAA-1,-0.10409382647794352,-16.56782416494641
TTCCTTCGTGACACGA-1,14.804475073316524,20.424098978337483
TTCGATTTCTGACCCT-1,2.6095510545670515,3.3336944619626196
TTCGCTGAGGGTTAGC-1,-4.282048906607569,-20.777042374361464
TTCGCTGAGGTTCCGC-1,-3.0726685696235787,-6.362295375915616
TTCGCTGCACTAGTAC-1,-22.955656766039354,3.9101328236712947
TTCGCTGTCGGACTGC-1,21.545703416324557,-16.85444080121016
TTCTCTCGTATCGTAC-1,2.738846029629294,-16.950295454762344
TTCTTGAGTCTTGCTC-1,18.49203816923834,13.8925471969413
TTGACCCGTCTCGGGT-1,-11.546271013076668,-12.86745733467519
TTGACCCTCGTAGTGT-1,1.2226985221966993,-23.993669616379925
TTGATGGCATAAGATG-1,-21.730687142248925,5.774971586171345
TTGATGGTCGCTAAAC-1,-3.939049844027518,2.454497701955704
TTGCATTGTGCCTTCT-1,-10.685706400033357,20.10849950833093
TTGCCTGAGAGTGACC-1,13.11978278917449,21.209820031998845
TTGCCTGAGTGGAAAG-1,14.092743005934912,20.474248859845066
TTGCCTGGTAGCTGCC-1,5.622293275716895,27.42019332478539
TTGCTGCCATTGCCGG-1,-4.942266488775001,31.241954982000866
TTGGGATCAACGGGTA-1,-13.22464704331533,-19.498865889746934
TTGGGATTCAGGAAGC-1,-0.06358414345638916,28.632318466237525
TTGGGATTCTCTCTAA-1,15.802648475026698,19.58950380290697
TTGGGCGCACGGTGAA-1,4.974504785695457,-17.758154329531678
TTGGGCGGTCGGAAAC-1,-23.30064848354164,4.685322973350914
TTGGGTAGTGCTAGCC-1,14.500935996736297,20.23966639260211
TTGGGTATCACCGACG-1,14.656867128749996,8.196703927550518
TTGGTTTCACTGGATT-1,-14.48444070089581,-21.262554055009662
TTGTGGATCTAAGAAG-1,13.38943426677806,-14.15346846985755
TTGTGTTGTGTGTCCG-1,19.6250335671682,-16.870039315782606
TTGTTCACACTTGTGA-1,-4.618660156462384,20.948079858664528
TTGTTCACAGTCGCTG-1,5.795895378370292,26.65633048442626
TTGTTCATCTTTACAC-1,15.812394695812191,8.70147151064394
TTGTTTGAGGTCGACA-1,21.87097497611374,-17.19023354907969
TTGTTTGTCCAACCGG-1,15.105438077519015,6.896042982118081
TTTACTGTCACGGGAA-1,-28.640108015926273,8.095301847824404
TTTATGCCAGTGGCTC-1,-3.6719816780412087,3.3539973481021357
TTTATGCGTAACATAG-1,4.043482151727991,-22.873194221615023
TTTATGCGTTGATCGT-1,-17.8572193739234,12.025027704410524
TTTATGCTCACTCGAA-1,-4.58590703266654,3.5333414195159665
TTTCACATCGACGCTG-1,-6.643211825910264,15.54002290242426
TTTCACATCTCAGGCG-1,-21.826766156704785,6.269498115067497
TTTCATGGTGCCTAAT-1,-17.13160089104173,11.051221825910304
TTTCATGTCACTCACC-1,6.734502271669445,18.233739410343027
TTTCCTCCACAGAGCA-1,-25.452924560195115,3.893560875322328
TTTCCTCTCCTACACC-1,-2.2417464635842674,-18.369888380866026
TTTCCTCTCTCTTGCG-1,-5.083807238861156,31.56866155327594
TTTGATCTCTTTGGAG-1,8.125622463855601,-21.226460575821505
TTTGGTTAGTAACCTC-1,7.70420681738387,-11.484018751312453
TTTGGTTGTAGAATAC-1,6.4375782663076055,18.89219445040134
TTTGTTGCAATTAGGA-1,-22.39411137716794,3.1638733392951046
